,name,code
0,DL,000210
1,DRB동일,004840
2,DSR,155660
3,GS,078930
4,GS글로벌,001250
5,HDC랩스,039570
6,HMM,011200
7,KEC,092220
8,KG동부제철,016380
9,KG케미칼,001390
10,KPX케미칼,025000
11,KTis,058860
12,LG이노텍,011070
13,LG헬로비전,037560
14,LX하우시스,108670
15,MH에탄올,023150
16,NAVER,035420
17,OCI,010060
18,SK스퀘어,402340
19,SK이노베이션,096770
20,STX,011810
21,WISCOM,024070
22,갤럭시아에스엠,011420
23,경농,002100
24,경동인베스트,012320
25,국도화학,007690
26,국동,005320
27,극동유화,014530
28,남선알미늄,008350
29,노루페인트,090350
30,대덕전자,353200
31,대성산업,128820
32,대우건설,047040
33,대웅,003090
34,대원강업,000430
35,덴티움,145720
36,동아타이어,282690
37,롯데정보통신,286940
38,메리츠증권,008560
39,명문제약,017180
40,모두투어리츠,204210
41,보령제약,003850
42,부국증권,001270
43,삼성엔지니어링,028050
44,삼성전자,005930
45,삼성출판사,068290
46,삼양식품,003230
47,삼영화학공업,003720
48,삼호개발,010960
49,상상인증권,001290
50,선진,136490
51,세방전지,004490
52,신대양제지,016590
53,신도리코,029530
54,신한알파리츠,293940
55,신한지주,055550
56,쌍용자동차,003620
57,에이블씨엔씨,078520
58,영화금속,012280
59,오뚜기,007310
60,우진,105840
61,윌비스,008600
62,유나이티드,033270
63,인지컨트롤스,023800
64,인터지스,129260
65,일성건설,013360
66,일진다이아,081000
67,자화전자,033240
68,제일약품,271980
69,제일파마홀딩스,002620
70,조비,001550
71,종근당홀딩스,001630
72,지역난방공사,071320
73,진에어,272450
74,케이씨티시,009070
75,코오롱인더,120110
76,콤텍시스템,031820
77,키다리스튜디오,020120
78,태양금속공업,004100
79,포스코강판,058430
80,한국패러랠,168490
81,한샘,009240
82,한솔로지스틱스,009180
83,한일철강,002220
84,한창제지,009460
85,한화생명,088350
86,한화솔루션,009830
87,현대건설,000720
88,현대비앤지스틸,004560
89,현대엘리베이터,017800
90,현대자동차,005380
91,현대차증권,001500
92,호전실업,111110
93,CJ 바이오사이언스,311690
94,EDGC,245620
95,ES큐브,050120
96,IBKS제12호스팩,335870
97,IBKS제17호스팩,405350
98,ISC,095340
99,JW신약,067290
100,KB오토시스,024120
101,KH바텍,060720
102,KT서브마린,060370
103,PN풍년,024940
104,SCI평가정보,036120
105,TJ미디어,032540
106,강스템바이오텍,217730
107,경남제약,053950
108,경창산업,024910
109,교보9호스팩,331520
110,국순당,043650
111,국일제지,078130
112,그리티,204020
113,글로본,019660
114,까스텔바작,308100
115,나노브릭,286750
116,나래나노텍,137080
117,네오리진,094860
118,네오크레마,311390
119,네오티스,085910
120,네이처셀,007390
121,노랑풍선,104620
122,노블엠앤비,106520
123,농우바이오,054050
124,뉴인텍,012340
125,뉴트리,270870
126,다보링크,340360
127,대봉엘에스,078140
128,대유,290380
129,대유에이피,290120
130,대한약품,023910
131,동구바이오제약,006620
132,드림시큐리티,203650
133,디에이피,066900
134,디엔에이링크,127120
135,디지틀조선,033130
136,레몬,294140
137,룽투코리아,060240
138,링크제니시스,219420
139,메디포스트,078160
140,모비스,250060
141,모트렉스,118990
142,미래에셋대우스팩3호,328380
143,미코바이오메드,214610
144,바이오에프디엔씨,251120
145,베뉴지,019010
146,브랜드엑스코퍼레이션,337930
147,브이씨,365900
148,비씨엔씨,146320
149,삼보판지,023600
150,삼아제약,009300
151,삼일,032280
152,샘씨엔에스,252990
153,선진뷰티사이언스,086710
154,성도이엔지,037350
155,성창오토텍,080470
156,셀바스헬스케어,208370
157,슈피겐코리아,192440
158,스타플렉스,115570
159,스톤브릿지벤처스,330730
160,스페코,013810
161,시티랩스,139050
162,신영스팩6호,344050
163,쌍용정보통신,010280
164,씨씨에스,066790
165,씨케이에이치,900120
166,아스타,246720
167,아시아경제,127710
168,아이비김영,339950
169,아이센스,099190
170,아이씨케이,068940
171,아이윈,090150
172,아이즈비전,031310
173,아이컴포넌트,059100
174,아이티센,124500
175,알비더블유,361570
176,알에프세미,096610
177,알에프텍,061040
178,알파홀딩스,117670
179,애니플러스,310200
180,앤디포스,238090
181,앱클론,174900
182,어보브반도체,102120
183,에스아이리소스,065420
184,에스앤더블류,103230
185,에스에너지,095910
186,에스에이티이엔지,351320
187,에스에프에이,056190
188,에스피시스템스,317830
189,에쎈테크,043340
190,에이디테크놀로지,200710
191,에이스토리,241840
192,에이텍,045660
193,에이텍티앤,224110
194,에이티넘인베스트,021080
195,엑세스바이오,950130
196,엑시콘,092870
197,엔에스엔,031860
198,엔에이치스팩18호,365590
199,엔케이맥스,182400
200,엘아이에스,138690
201,엠게임,058630
202,엠벤처투자,019590
203,엠피대산,065150
204,영화테크,265560
205,예스티,122640
206,오공,045060
207,오디텍,080520
208,오픈베이스,049480
209,옵티시스,109080
210,옵티팜,153710
211,우리바이오,082850
212,원준,382840
213,웨이브일렉트로,095270
214,웰크론,065950
215,위지트,036090
216,유니온커뮤니티,203450
217,유니테크노,241690
218,유성티엔에스,024800
219,유신,054930
220,유안타제5호스팩,336060
221,유안타제7호스팩,367460
222,유테크,178780
223,유티아이,179900
224,이베스트스팩5호,349720
225,이스트소프트,047560
226,이엠넷,123570
227,이지바이오,353810
228,인텍플러스,064290
229,인포바인,115310
230,일승,333430
231,잉크테크,049550
232,자비스,254120
233,자이글,234920
234,정상제이엘에스,040420
235,제넨바이오,072520
236,제우스,079370
237,제이씨현시스템,033320
238,제이엘케이,322510
239,제이엠티,094970
240,제주반도체,080220
241,조아제약,034940
242,주성엔지니어링,036930
243,지니언스,263860
244,지엔씨에너지,119850
245,지티지웰니스,219750
246,초록뱀컴퍼니,052300
247,캐스텍코리아,071850
248,커머스마이너,223310
249,케이비제20호스팩,342550
250,케이프이에스제4호,347140
251,케이피엠테크,042040
252,케이피티유,054410
253,켄코아에어로스페이스,274090
254,코스나인,082660
255,코스온,069110
256,코오롱생명과학,102940
257,코퍼스코리아,322780
258,클리오,237880
259,키네마스터,139670
260,탑엔지니어링,065130
261,테스나,131970
262,텔콘RF제약,200230
263,토탈소프트,045340
264,트루윈,105550
265,특수건설,026150
266,티앤알바이오팹,246710
267,파라텍,033540
268,파커스,065690
269,패션플랫폼,225590
270,포인트엔지니어링,256630
271,포티스,141020
272,푸드웰,005670
273,풍원정밀,371950
274,프로스테믹스,203690
275,프롬바이오,377220
276,피델릭스,032580
277,피에스엠씨,024850
278,피에스케이,319660
279,피에스케이홀딩스,031980
280,피제이전자,006140
281,필옵틱스,161580
282,하나금융15호스팩,341160
283,하나금융19호스팩,388220
284,하이즈항공,221840
285,한국경제TV,039340
286,한국맥널티,222980
287,한국선재,025550
288,한국제10호스팩,409570
289,한솔인티큐브,070590
290,한양디지텍,078350
291,한화플러스제2호스팩,386580
292,현대무벡스,319400
293,현대바이오,048410
294,현대바이오랜드,052260
295,화성밸브,039610
296,휴림로봇,090710
297,휴먼엔,032860
298,휴온스글로벌,084110
299,희림,037440
300,관악산업,076340
301,굿센,243870
302,나눔테크,244880
303,다원넥스뷰,323350
304,다이오진,271850
305,로지스몬,223220
306,선바이오,067370
307,씨앗,103660
308,에스알바이오텍,270210
309,엘리비젼,276240
310,유투바이오,221800
311,진코스텍,250030
312,큐엠씨,136660
313,타스컴,336040
314,티티씨디펜스,309900
315,CJ대한통운,000120
316,CJ제일제당,097950
317,CS홀딩스,000590
318,F&F 홀딩스,007700
319,GS리테일,007070
320,HDC현대산업개발,294870
321,KB금융,105560
322,KR모터스,000040
323,KTcs,058850
324,LS전선아시아,229640
325,SKC,011790
326,SK디앤디,210980
327,SK렌터카,068400
328,강원랜드,035250
329,경동나비엔,009450
330,교보증권,030610
331,금강공업,014280
332,금호건설,002990
333,금호전기,001210
334,기업은행,024110
335,남성,004270
336,대구백화점,006370
337,대원제약,003220
338,대한방직,001070
339,대한해운,005880
340,덕양산업,024900
341,동아지질,028100
342,동양생명,082640
343,동원금속,018500
344,디씨엠,024090
345,디아이,003160
346,디앤디플랫폼리츠,377190
347,디티알오토모티브,007340
348,롯데정밀화학,004000
349,무학,033920
350,백산,035150
351,보락,002760
352,빙그레,005180
353,사조대림,003960
354,삼부토건,001470
355,서원,021050
356,선도전기,007610
357,세기상사,002420
358,세방,004360
359,세아홀딩스,058650
360,세우글로벌,013000
361,세이브존I&C,067830
362,솔루스첨단소재,336370
363,신송홀딩스,006880
364,신일전자,002700
365,쎌마테라퓨틱스,015540
366,아모레퍼시픽,090430
367,아이마켓코리아,122900
368,아이에이치큐,003560
369,에스디바이오센서,137310
370,엔씨소프트,036570
371,영보화학,014440
372,유니온머티리얼,047400
373,이수화학,005950
374,이스타코,015020
375,인디에프,014990
376,인천도시가스,034590
377,일동홀딩스,000230
378,일진디스플,020760
379,조흥,002600
380,지엠비코리아,013870
381,지코,010580
382,카카오뱅크,323410
383,코리아써키트,007810
384,코스모화학,005420
385,코아스,071950
386,코오롱,002020
387,코오롱플라스틱,138490
388,쿠쿠홀딩스,192400
389,큐로,015590
390,크래프톤,259960
391,태광산업,003240
392,태영건설,009410
393,티비에이치글로벌,084870
394,포스코케미칼,003670
395,하나투어,039130
396,하이트진로,000080
397,한국금융지주,071050
398,한국전자홀딩스,006200
399,한국조선해양,009540
400,한국종합기술,023350
401,한국주철관공업,000970
402,한국타이어앤테크놀로지,161390
403,한국프랜지공업,010100
404,한온시스템,018880
405,한올바이오파마,009420
406,한일시멘트,300720
407,해태제과식품,101530
408,호텔신라,008770
409,화승알앤에이,378850
410,화승인더스트리,006060
411,화천기공,000850
412,환인제약,016580
413,효성,004800
414,효성화학,298000
415,흥국화재,000540
416,APS홀딩스,054620
417,CBI,013720
418,CS,065770
419,CSA 코스믹,083660
420,HLB생명과학,067630
421,HRS,036640
422,NHN벅스,104200
423,NICE평가정보,030190
424,SNK,950180
425,TS트릴리온,317240
426,갤럭시아머니트리,094480
427,고영,098460
428,골드앤에스,035290
429,광림,014200
430,국영지앤엠,006050
431,금강철강,053260
432,나노엔텍,039860
433,나이벡,138610
434,남화토건,091590
435,네오팜,092730
436,넥스틴,348210
437,넵튠,217270
438,노바렉스,194700
439,누리플렉스,040160
440,뉴로스,126870
441,뉴파워프라즈마,144960
442,대성파인텍,104040
443,대아티아이,045390
444,대양제지,006580
445,대창솔루션,096350
446,대한과학,131220
447,더네이쳐홀딩스,298540
448,덕산네오룩스,213420
449,동국산업,005160
450,동방선기,099410
451,동아엘텍,088130
452,동원개발,013120
453,디딤,217620
454,디아크,078590
455,디알텍,214680
456,디엔에프,092070
457,디오,039840
458,딜리,131180
459,딥노이드,315640
460,레드캡투어,038390
461,레이언스,228850
462,로보로보,215100
463,맘스터치,220630
464,매일홀딩스,005990
465,머큐리,100590
466,메가엠디,133750
467,메디콕스,054180
468,메디프론,065650
469,메타바이오메드,059210
470,멕아이씨에스,058110
471,모두투어,080160
472,무림SP,001810
473,미래에셋벤처투자,100790
474,바이오로그디바이스,208710
475,부스타,008470
476,뷰노,338220
477,비덴트,121800
478,비트컴퓨터,032850
479,비피도,238200
480,삼륭물산,014970
481,삼성스팩4호,377630
482,삼양옵틱스,225190
483,삼일기업공사,002290
484,삼표시멘트,038500
485,삼화네트웍스,046390
486,상보,027580
487,상상인이안제2호스팩,329560
488,상신이디피,091580
489,상지카일룸,042940
490,서울리거,043710
491,선데이토즈,123420
492,성우하이텍,015750
493,세경하이테크,148150
494,세명전기,017510
495,셀바스AI,108860
496,솔고바이오,043100
497,솔루에타,154040
498,솔브레인,357780
499,솔브레인홀딩스,036830
500,슈프리마,236200
501,신라섬유,001000
502,신한제6호스팩,333050
503,싸이맥스,160980
504,쎄트렉아이,099320
505,씨앤씨인터내셔널,352480
506,씨앤투스성진,352700
507,아가방컴퍼니,013990
508,아모그린텍,125210
509,아모텍,052710
510,아미코젠,092040
511,아스플로,159010
512,아이엠,101390
513,아이퀘스트,262840
514,안국약품,001540
515,액트로,290740
516,얍엑스,060230
517,에스맥,097780
518,에스엘바이오닉스,214310
519,에스티팜,237690
520,에코마케팅,230360
521,에프알텍,073540
522,엔투텍,227950
523,엠에프엠코리아,323230
524,엠투엔,033310
525,영신금속,007530
526,영풍정밀,036560
527,예림당,036000
528,와이더플래닛,321820
529,와이지-원,019210
530,우리손에프앤지,073560
531,우림피티에스,101170
532,우수AMS,066590
533,원일특강,012620
534,위니아딤채,071460
535,윈하이텍,192390
536,윌링스,313760
537,유니테스트,086390
538,유안타제8호스팩,367480
539,유에스티,263770
540,이글루시큐리티,067920
541,이글벳,044960
542,이녹스,088390
543,이더블유케이,258610
544,이랜시스,264850
545,이삭엔지니어링,351330
546,이엔코퍼레이션,066980
547,이지케어텍,099750
548,인선이엔티,060150
549,인트론바이오,048530
550,인포뱅크,039290
551,전진바이오팜,110020
552,정다운,208140
553,정산애강,022220
554,정원엔시스,045510
555,제놀루션,225220
556,제이시스메디칼,287410
557,제일제강,023440
558,조이시티,067000
559,지니뮤직,043610
560,지니틱스,303030
561,천보,278280
562,케이씨피드,025880
563,케이엔더블유,105330
564,코다코,046070
565,코데즈컴바인,047770
566,코드네이처,078940
567,코리아센터,290510
568,코리아에셋투자증권,190650
569,코메론,049430
570,코미팜,041960
571,코아시아,045970
572,코아시아옵틱스,196450
573,코위버,056360
574,크루셜텍,114120
575,클리노믹스,352770
576,태광,023160
577,테고사이언스,191420
578,테라사이언스,073640
579,테라젠이텍스,066700
580,토박스코리아,215480
581,티엘아이,062860
582,파루,043200
583,파멥신,208340
584,파수,150900
585,파이버프로,368770
586,파인디지털,038950
587,파트론,091700
588,팬엔터테인먼트,068050
589,펌텍코리아,251970
590,풍강,093380
591,플레이디,237820
592,피엔티,137400
593,피코그램,376180
594,픽셀플러스,087600
595,핌스,347770
596,핑거,163730
597,하나금융14호스팩,332710
598,하이제7호스팩,400840
599,한국정보인증,053300
600,한국컴퓨터,054040
601,한국코퍼레이션,050540
602,한빛소프트,047080
603,한일단조,024740
604,한일화학,007770
605,한컴MDS,086960
606,현대이지웰,090850
607,현진소재,053660
608,형지I&C,011080
609,휴네시온,290270
610,흥국에프엔비,189980
611,노드메이슨,317860
612,단디바이오,343090
613,대주이엔티,114920
614,메디안디노스틱,233250
615,미애부,225850
616,바이오시네틱스,281310
617,바이오프로테크,199290
618,앙츠,267810
619,에이치엔에스하이텍,044990
620,이노벡스,279060
621,제이엠멀티,254160
622,테크엔,308700
623,테크트랜스,258050
624,펨토바이오메드,327610
625,피노텍,150440
626,BGF리테일,282330
627,BNK금융지주,138930
628,GS건설,006360
629,JW중외제약,001060
630,KC코트렐,119650
631,LG전자,066570
632,PI첨단소재,178920
633,SBS,034120
634,SG글로벌,001380
635,SHD,001770
636,SK,034730
637,SK가스,018670
638,SK리츠,395400
639,STX중공업,071970
640,YG PLUS,037270
641,국제약품,002720
642,금양,001570
643,금호타이어,073240
644,넥센타이어,002350
645,녹십자홀딩스,005250
646,농심홀딩스,072710
647,다스코,058730
648,다이나믹디자인,145210
649,대한유화,006650
650,더블유게임즈,192080
651,동방아그로,007590
652,동서,026960
653,동성케미컬,102260
654,동양,001520
655,동양철관,008970
656,동원F&B,049770
657,동원시스템즈,014820
658,디와이,013570
659,롯데푸드,002270
660,마니커,027740
661,맥쿼리인프라,088980
662,메리츠금융지주,138040
663,메타랩스,090370
664,모토닉,009680
665,미래에셋생명,085620
666,미원화학,134380
667,범양건영,002410
668,베트남개발1,096300
669,삼성바이오로직스,207940
670,삼성증권,016360
671,삼성카드,029780
672,삼양통상,002170
673,삼영무역,002810
674,삼일제약,000520
675,삼정펄프,009770
676,샘표식품,248170
677,서연이화,200880
678,성보화학,003080
679,세아제강,306200
680,센트럴인사이트,012600
681,송원산업,004430
682,수산중공업,017550
683,신성이엔지,011930
684,신세계인터내셔날,031430
685,신세계푸드,031440
686,신한서부티엔디리츠,404990
687,쌍용씨앤이,003410
688,씨아이테크,004920
689,아이에스동서,010780
690,아주스틸,139990
691,애경산업,018250
692,애경케미칼,161000
693,에이프로젠 MED,007460
694,엔에이치엔,181710
695,엠씨넥스,097520
696,우성,006980
697,유니켐,011330
698,유화증권,003460
699,이구산업,025820
700,이노션,214320
701,이마트,139480
702,일성신약,003120
703,제이에스코퍼레이션,194370
704,제이준코스메틱,025620
705,종근당바이오,063160
706,지누스,013890
707,지투알,035000
708,진도,088790
709,진양화학,051630
710,케이탑리츠,145270
711,코스모신소재,005070
712,태평양물산,007980
713,텔코웨어,078000
714,티와이홀딩스,363280
715,팜스코,036580
716,하이골드3호,153360
717,하이트론씨스템즈,019490
718,한국수출포장공업,002200
719,한국자산신탁,123890
720,한국전력공사,015760
721,한국주강,025890
722,한국항공우주,047810
723,한라홀딩스,060980
724,한솔홀딩스,004150
725,한신기계공업,011700
726,한진칼,180640
727,한화에어로스페이스,012450
728,현대글로비스,086280
729,현대중공업,329180
730,현대퓨처넷,126560
731,효성 ITX,094280
732,휴니드테크놀러지스,005870
733,CNT85,056730
734,KBI메탈,024840
735,KCC건설,021320
736,KCI,036670
737,KG ETS,151860
738,NEW,160550
739,SBI핀테크솔루션즈,950110
740,SGA솔루션즈,184230
741,THQ,192410
742,WI,073570
743,iMBC,052220
744,가온미디어,078890
745,강원에너지,114190
746,고려시멘트,198440
747,고려제약,014570
748,국일신동,060480
749,국전약품,307750
750,나노,187790
751,나노신소재,121600
752,나무가,190510
753,나인테크,267320
754,남화산업,111710
755,넥스트아이,137940
756,노터스,278650
757,녹원씨엔아이,065560
758,다산네트웍스,039560
759,대명소노시즌,007720
760,대성미생물,036480
761,대원산업,005710
762,더블유에스아이,299170
763,도이치모터스,067990
764,동국제약,086450
765,동일기연,032960
766,듀오백,073190
767,드래곤플라이,030350
768,디지아이,043360
769,디지털대성,068930
770,디케이락,105740
771,디티앤씨,187220
772,래몽래인,200350
773,레고켐바이오,141080
774,레드로버,060300
775,로보스타,090360
776,루멘스,038060
777,리더스 기술투자,019570
778,리드코프,012700
779,메디앙스,014100
780,미래컴퍼니,049950
781,바이옵트로,222160
782,박셀바이오,323990
783,베셀,177350
784,보라티알,250000
785,브레인즈컴퍼니,099390
786,브리지텍,064480
787,브이티지엠피,018290
788,비즈니스온,138580
789,비투엔,307870
790,삼목에스폼,018310
791,삼진엘앤디,054090
792,삼천리자전거,024950
793,삼현철강,017480
794,서산,079650
795,서전기전,189860
796,서진오토모티브,122690
797,성호전자,043260
798,세영디앤씨,052190
799,세운메디칼,100700
800,세종메디칼,258830
801,세종텔레콤,036630
802,스카이이앤엠,131100
803,스킨앤스킨,159910
804,시공테크,020710
805,시큐브,131090
806,신도기연,290520
807,신일제약,012790
808,신테카바이오,226330
809,쎄노텍,222420
810,씨큐브,101240
811,씨티케이,260930
812,아모센스,357580
813,아이디피,332370
814,아이씨디,040910
815,아즈텍WB,032080
816,아진산업,013310
817,알체라,347860
818,알티캐스트,085810
819,애니젠,196300
820,얼라인드,238120
821,에브리봇,270660
822,에스앤디,260970
823,에스제이그룹,306040
824,에스트래픽,234300
825,에이디칩스,054630
826,에이루트,096690
827,에이비엘바이오,298380
828,에이스침대,003800
829,엑셈,205100
830,엔지스테크널러지,208860
831,엔지켐생명과학,183490
832,엔텔스,069410
833,엘디티,096870
834,영림원소프트랩,060850
835,오스템임플란트,048260
836,오텍,067170
837,와이즈버즈,273060
838,원익QnC,074600
839,원익머트리얼즈,104830
840,원풍,008370
841,웹젠,069080
842,위닉스,044340
843,위메이드,112040
844,위메이드맥스,101730
845,유비벨록스,089850
846,유비쿼스,264450
847,유비쿼스홀딩스,078070
848,유아이엘,049520
849,유진스팩7호,388800
850,유진테크,084370
851,유틸렉스,263050
852,이건홀딩스,039020
853,이노와이어리스,073490
854,이랜텍,054210
855,이미지스,115610
856,이화전기,024810
857,인바디,041830
858,인산가,277410
859,인성정보,033230
860,인트로메딕,150840
861,자이언트스텝,289220
862,재영솔루텍,049630
863,제이앤티씨,204270
864,제이티,089790
865,제일테크노스,038010
866,중앙디앤엠,051980
867,진바이오텍,086060
868,진성티이씨,036890
869,초록뱀미디어,047820
870,캐리소프트,317530
871,캠시스,050110
872,컴투스홀딩스,063080
873,케어젠,214370
874,케이비제19호스팩,330990
875,케이피에프,024880
876,코디엠,224060
877,코스맥스엔비티,222040
878,코스메카코리아,241710
879,코이즈,121850
880,코프라,126600
881,쿠콘,294570
882,태양,053620
883,태웅로직스,124560
884,토비스,051360
885,트윔,290090
886,티비씨,033830
887,티엘비,356860
888,티케이케미칼,104480
889,파나진,046210
890,파버나인,177830
891,파워넷,037030
892,퓨런티어,370090
893,프로이천,321260
894,프로텍,053610
895,플래티어,367000
896,피에이치에이,043370
897,하나금융16호스팩,343510
898,하이제5호스팩,340120
899,한국정보통신,025770
900,한국캐피탈,023760
901,한일네트웍스,046110
902,해성옵틱스,076610
903,현우산업,092300
904,KC산업,112190
905,럭스피아,092590
906,무진메디,322970
907,씨앤에스링크,245450
908,에스제이켐,217910
909,이십일스토어,270020
910,태양기계,116100
911,한중엔시에스,107640
912,AJ네트웍스,095570
913,DL건설,001880
914,DSR제강,069730
915,ESR켄달스퀘어리츠,365550
916,HJ중공업,097230
917,KPX홀딩스,092230
918,KSS해운,044450
919,LG생활건강,051900
920,LG화학,051910
921,LIG넥스원,079550
922,LS,006260
923,NH투자증권,005940
924,NICE,034310
925,NI스틸,008260
926,SH에너지화학,002360
927,SK네트웍스,001740
928,SK증권,001510
929,SK텔레콤,017670
930,SNT에너지,100840
931,경인양행,012610
932,경인전자,009140
933,기신정기,092440
934,까뮤이앤씨,013700
935,농심,004370
936,대덕,008060
937,대동전자,008110
938,대림비앤코,005750
939,대성에너지,117580
940,대양금속,009190
941,대영포장,014160
942,대웅제약,069620
943,대창,012800
944,대한전선,001440
945,대한항공,003490
946,동국제강,001230
947,동화약품,000020
948,두산,000150
949,두산밥캣,241560
950,디아이동일,001530
951,디아이씨,092200
952,롯데관광개발,032350
953,롯데칠성음료,005300
954,롯데케미칼,011170
955,만도,204320
956,맵스리얼티1,094800
957,미래아이앤지,007120
958,미래에셋글로벌리츠,396690
959,바다로19호,155900
960,부광약품,003000
961,부산산업,011390
962,부산주공,005030
963,사조산업,007160
964,사조씨푸드,014710
965,삼성제약,001360
966,삼원강재,023000
967,삼익THK,004380
968,삼화왕관,004450
969,서연,007860
970,세아베스틸,001430
971,세아특수강,019440
972,세원정공,021820
973,세진중공업,075580
974,셀트리온,068270
975,신성통상,005390
976,써니전자,004770
977,아세아제지,002310
978,에넥스,011090
979,에스제이엠,123700
980,엔케이,085310
981,엔피씨,004250
982,영원무역,111770
983,영원무역홀딩스,009970
984,영진약품,003520
985,용평리조트,070960
986,우리들휴브레인,118000
987,우신시스템,017370
988,우진플라임,049800
989,유니드,014830
990,유안타증권,003470
991,유진증권,001200
992,이건산업,008250
993,이연제약,102460
994,인스코비,006490
995,제주은행,006220
996,조광페인트,004910
997,조선내화,000480
998,참엔지니어링,009310
999,케이씨씨,002380
1000,케이씨씨글라스,344820
1001,코오롱글로벌,003070
1002,태경케미컬,006890
1003,토니모리,214420
1004,페이퍼코리아,001020
1005,플레이그램,009810
1006,하나제약,293480
1007,하이스틸,071090
1008,한국공항,005430
1009,한국내화,010040
1010,한국철강,104700
1011,한국콜마,161890
1012,한미글로벌,053690
1013,한솔피엔에스,010420
1014,한신공영,004960
1015,한양증권,001750
1016,한진,002320
1017,한진중공업홀딩스,003480
1018,한화,000880
1019,현대건설기계,267270
1020,현대두산인프라코어,042670
1021,현대에너지솔루션,322000
1022,현대일렉트릭,267260
1023,현대제철,004020
1024,화승코퍼레이션,013520
1025,황금에스티,032560
1026,효성중공업,298040
1027,효성첨단소재,298050
1028,DSC인베스트먼트,241520
1029,EG,037370
1030,GST,083450
1031,HB솔루션,297890
1032,HK이노엔,195940
1033,ITX-AI,099520
1034,KMH,122450
1035,SDN,099220
1036,가비아,079940
1037,감성코퍼레이션,036620
1038,경남스틸,039240
1039,경동제약,011040
1040,공구우먼,366030
1041,글로벌텍스프리,204620
1042,나노캠텍,091970
1043,내츄럴엔도텍,168330
1044,네오셈,253590
1045,네오위즈홀딩스,042420
1046,네이블커뮤니케이션즈,153460
1047,넥스턴바이오,089140
1048,넥스트BT,065170
1049,뉴프렉스,085670
1050,대성엘텍,025440
1051,대신밸런스제11호스팩,397500
1052,대양전기공업,108380
1053,대주산업,003310
1054,덕산테코피아,317330
1055,동진쎄미켐,005290
1056,디바이스이엔지,187870
1057,디알젬,263690
1058,램테크놀러지,171010
1059,레이크머티리얼즈,281740
1060,레인보우로보틱스,277810
1061,로지시스,067730
1062,링네트,042500
1063,마이크로프랜드,147760
1064,매직마이크로,127160
1065,메가스터디교육,215200
1066,메드팩토,235980
1067,메디톡스,086900
1068,메이슨캐피탈,021880
1069,멜파스,096640
1070,모베이스전자,012860
1071,모아데이타,288980
1072,모헨즈,006920
1073,미코,059090
1074,민앤지,214180
1075,바른손,018700
1076,바이넥스,053030
1077,바이브컴퍼니,301300
1078,바이오톡스텍,086040
1079,바이온,032980
1080,베노홀딩스,206400
1081,블루콤,033560
1082,비보존 헬스케어,082800
1083,비에이치아이,083650
1084,사람인에이치알,143240
1085,삼지전자,037460
1086,삼천당제약,000250
1087,상상인인더스트리,101000
1088,상아프론테크,089980
1089,새로닉스,042600
1090,서연탑메탈,019770
1091,서울반도체,046890
1092,서울전자통신,027040
1093,서원인텍,093920
1094,서호전기,065710
1095,세아메카닉스,396300
1096,세틀뱅크,234340
1097,센코,347000
1098,셀트리온헬스케어,091990
1099,소마젠,950200
1100,슈프리마에이치큐,094840
1101,스포츠서울,039670
1102,시그네틱스,033170
1103,시노펙스,025320
1104,시스웍,269620
1105,신원종합개발,017000
1106,신한제7호스팩,366330
1107,씨아이에스,222080
1108,씨앤지하이테크,264660
1109,씨엔알리서치,359090
1110,아세아텍,050860
1111,아시아종묘,154030
1112,아우딘퓨쳐스,227610
1113,아이에이,038880
1114,아이엘사이언스,307180
1115,아이원스,114810
1116,아이진,185490
1117,아이큐어,175250
1118,아이크래프트,052460
1119,아이톡시,052770
1120,알에스오토메이션,140670
1121,알톤스포츠,123750
1122,액션스퀘어,205500
1123,에스디생명공학,217480
1124,에스씨엠생명과학,298060
1125,에스엔유,080000
1126,에스텍파마,041910
1127,에이스테크,088800
1128,에이치엠씨제5호스팩,353060
1129,에이프로,262260
1130,에프앤리퍼블릭,064090
1131,엑스큐어,070300
1132,엔시스,333620
1133,엔에스,217820
1134,엔피디,198080
1135,엘비루셈,376190
1136,엘앤씨바이오,290650
1137,엘오티베큠,083310
1138,엠브레인,169330
1139,엠투아이,347890
1140,엠플러스,259630
1141,예스24,053280
1142,오가닉티코스메틱,900300
1143,오르비텍,046120
1144,오스테오닉,226400
1145,오토앤,353590
1146,오하임아이엔티,309930
1147,옵트론텍,082210
1148,와이아이케이,232140
1149,와이어블,065530
1150,와이팜,332570
1151,우리산업홀딩스,072470
1152,우양,103840
1153,원방테크,053080
1154,원익홀딩스,030530
1155,유네코,064510
1156,유니트론텍,142210
1157,유아이디,069330
1158,유앤아이,056090
1159,유일에너테크,340930
1160,유진스팩6호,373340
1161,이루온,065440
1162,이수앱지스,086890
1163,이엔에프테크놀로지,102710
1164,이엘피,063760
1165,이엠앤아이,083470
1166,이큐셀,160600
1167,이트론,096040
1168,인터파크,035080
1169,잉글우드랩,950140
1170,제너셈,217190
1171,제노레이,122310
1172,제로투세븐,159580
1173,제룡전기,033100
1174,제주맥주,276730
1175,젬백스,082270
1176,젬백스지오,041590
1177,지란지교시큐리티,208350
1178,지엔코,065060
1179,지오엘리먼트,311320
1180,참좋은여행,094850
1181,칩스앤미디어,094360
1182,컴퍼니케이,307930
1183,케이사인,192250
1184,케이씨에스,115500
1185,케이아이엔엑스,093320
1186,케이티비네트워크,298870
1187,켐온,217600
1188,켐트로스,220260
1189,코세스,089890
1190,코센,009730
1191,코엔텍,029960
1192,큐브엔터,182360
1193,크리스에프앤씨,110790
1194,태웅,044490
1195,테크윙,089030
1196,티로보틱스,117730
1197,파라다이스,034230
1198,파인텍,131760
1199,파크시스템스,140860
1200,펩트론,087010
1201,포스코 ICT,022100
1202,폴라리스우노,114630
1203,폴라리스웍스,123010
1204,풍국주정,023900
1205,퓨쳐켐,220100
1206,프리시젼바이오,335810
1207,피씨디렉트,051380
1208,피엔에이치테크,239890
1209,피엔케이피부임상연구센타,347740
1210,피플바이오,304840
1211,하나마이크론,067310
1212,하나머티리얼즈,166090
1213,하림,136480
1214,하이로닉,149980
1215,하이소닉,106080
1216,한국유니온제약,080720
1217,해성티피씨,059270
1218,헝셩그룹,900270
1219,현대에이치티,039010
1220,화일약품,061250
1221,효성오앤비,097870
1222,휴럼,353190
1223,휴센텍,215090
1224,휴젤,145020
1225,도부마스크,227420
1226,디피코,163430
1227,메디쎄이,200580
1228,빅텐츠,210120
1229,썬테크,217320
1230,씨알푸드,236030
1231,아퓨어스,149300
1232,안지오랩,251280
1233,엔에스엠,238170
1234,엔에스컴퍼니,224760
1235,엘에이티,311060
1236,유비온,084440
1237,지오씨,135160
1238,파마리서치바이오,217950
1239,AK홀딩스,006840
1240,CJ,001040
1241,CJ씨푸드,011150
1242,DB금융투자,016610
1243,DGB금융지주,139130
1244,HDC,012630
1245,KISCO홀딩스,001940
1246,KTB투자증권,030210
1247,LG디스플레이,034220
1248,LG에너지솔루션,373220
1249,LX인터내셔널,001120
1250,NH프라임리츠,338100
1251,S-Oil,010950
1252,SK바이오사이언스,302440
1253,SK케미칼,285130
1254,SK하이닉스,000660
1255,TYM,002900
1256,계룡건설산업,013580
1257,고려아연,010130
1258,기아,000270
1259,남양유업,003920
1260,남해화학,025860
1261,녹십자,006280
1262,대상,001680
1263,대성홀딩스,016710
1264,대한제강,084010
1265,대한제당,001790
1266,더존비즈온,012510
1267,두산퓨얼셀,336260
1268,롯데하이마트,071840
1269,만호제강,001080
1270,모나미,005360
1271,문배철강,008420
1272,미창석유공업,003650
1273,백광산업,001340
1274,벽산,007210
1275,부국철강,026940
1276,비비안,002070
1277,비상교육,100220
1278,삼성공조,006660
1279,삼성생명,032830
1280,삼양패키징,272550
1281,삼일씨엔에스,004440
1282,삼화전기,009470
1283,삼화페인트공업,000390
1284,샘표,007540
1285,서흥,008490
1286,성안,011300
1287,세하,027970
1288,신라교역,004970
1289,신세계건설,034300
1290,신영와코루,005800
1291,신영증권,001720
1292,신원,009270
1293,신풍제약,019170
1294,신풍제지,002870
1295,아세아시멘트,183190
1296,아시아나IDT,267850
1297,에스엘,005850
1298,에어부산,298690
1299,엘브이엠씨,900140
1300,오리온,271560
1301,우리금융지주,316140
1302,웰바이오텍,010600
1303,유니온,000910
1304,유한양행,000100
1305,이리츠코크렙,088260
1306,이월드,084680
1307,일진전기,103590
1308,제일기획,030000
1309,제일연마,001560
1310,조광피혁,004700
1311,조선선재,120030
1312,카카오,035720
1313,케이씨텍,281820
1314,케이카,381970
1315,코리안리,003690
1316,쿠쿠홈시스,284740
1317,크라운제과,264900
1318,크라운해태홀딩스,005740
1319,태림포장,011280
1320,태원물산,001420
1321,티에이치엔,019180
1322,퍼스텍,010820
1323,퍼시스,016800
1324,하이브,352820
1325,한국석유공업,004090
1326,한국토지신탁,034830
1327,한독,002390
1328,한세엠케이,069640
1329,한솔제지,213500
1330,한솔케미칼,014680
1331,한솔테크닉스,004710
1332,한일현대시멘트,006390
1333,한전기술,052690
1334,한화시스템,272210
1335,해성디에스,195870
1336,현대리바트,079430
1337,현대백화점,069960
1338,형지엘리트,093240
1339,혜인,003010
1340,화성산업,002460
1341,휴비스,079980
1342,3S,060310
1343,CJ프레시웨이,051500
1344,CNH,023460
1345,DB금융스팩9호,367360
1346,DMS,068790
1347,EMW,079190
1348,GRT,900290
1349,HLB,028300
1350,HLB제약,047920
1351,HLB테라퓨틱스,115450
1352,KG모빌리언스,046440
1353,KMH하이텍,052900
1354,LX세미콘,108320
1355,SBS콘텐츠허브,046140
1356,SG&G,040610
1357,SK5호스팩,337450
1358,SV인베스트먼트,289080
1359,TPC,048770
1360,TS인베스트먼트,246690
1361,YTN,040300
1362,YW,051390
1363,골든센츄리,900280
1364,교보11호스팩,397880
1365,나무기술,242040
1366,나이스디앤비,130580
1367,나이스정보통신,036800
1368,네오오토,212560
1369,네오이뮨텍,950220
1370,넷게임즈,225570
1371,노바텍,285490
1372,누보,332290
1373,뉴보텍,060260
1374,뉴지랩파마,214870
1375,다날,064260
1376,대신정보통신,020180
1377,대원미디어,048910
1378,대한광통신,010170
1379,대호특수강,021040
1380,대화제약,067080
1381,덕산하이메탈,077360
1382,덕우전자,263600
1383,데브시스터즈,194480
1384,동신건설,025950
1385,동아화성,041930
1386,동양파일,228340
1387,동일철강,023790
1388,디앤씨미디어,263720
1389,디엑스앤브이엑스,180400
1390,디와이씨,310870
1391,디이엔티,079810
1392,라온피플,300120
1393,랩지노믹스,084650
1394,로스웰,900260
1395,리메드,302550
1396,린드먼아시아,277070
1397,마이더스AI,222810
1398,마인즈랩,377480
1399,마크로젠,038290
1400,멀티캠퍼스,067280
1401,모베이스,101330
1402,모아텍,033200
1403,미스터블루,207760
1404,바른손이앤에이,035620
1405,바이오니아,064550
1406,바이오다인,314930
1407,바이오리더스,142760
1408,바이오스마트,038460
1409,바텍,043150
1410,배럴,267790
1411,보광산업,225530
1412,본느,226340
1413,브릿지바이오,288330
1414,블리츠웨이,369370
1415,비엠티,086670
1416,삼보모터스,053700
1417,삼보산업,009620
1418,삼영엠텍,054540
1419,삼진,032750
1420,상상인,038540
1421,샘코,263540
1422,서울바이오시스,092190
1423,서울옥션,063170
1424,서울제약,018680
1425,성우테크론,045300
1426,세보엠이씨,011560
1427,세원,234100
1428,셀루메드,049180
1429,셀리버리,268600
1430,소룩스,290690
1431,소프트캠프,258790
1432,손오공,066910
1433,수성이노베이션,084180
1434,스카이문스테크놀로지,033790
1435,스튜디오산타클로스,204630
1436,신성델타테크,065350
1437,신한제8호스팩,393360
1438,신화인터텍,056700
1439,실리콘투,257720
1440,싸이버원,356890
1441,싸이토젠,217330
1442,씨유테크,376290
1443,씨이랩,189330
1444,씨티씨바이오,060590
1445,아나패스,123860
1446,아셈스,136410
1447,아이스크림에듀,289010
1448,아이오케이,078860
1449,아주IB투자,027360
1450,안랩,053800
1451,알서포트,131370
1452,압타바이오,293780
1453,애드바이오텍,179530
1454,에너토크,019990
1455,에디슨EV,136510
1456,에스에이엠티,031330
1457,에스피지,058610
1458,에이디엠코리아,187660
1459,에이비프로바이오,195990
1460,에이치앤비디자인,227100
1461,에이치엔티,176440
1462,에이팩트,200470
1463,에이프로젠 H&G,109960
1464,에이피티씨,089970
1465,에치에프알,230240
1466,에코바이오,038870
1467,에코캡,128540
1468,에프앤가이드,064850
1469,에프엔에스테크,083500
1470,엔바이오니아,317870
1471,엘엠에스,073110
1472,엠아이텍,179290
1473,엠에스오토텍,123040
1474,엠케이전자,033160
1475,오션브릿지,241790
1476,오이솔루션,138080
1477,올리패스,244460
1478,와이엠씨,155650
1479,와이엠티,251370
1480,와이제이엠게임즈,193250
1481,와토스코리아,079000
1482,우리넷,115440
1483,원익IPS,240810
1484,위세아이텍,065370
1485,윈스,136540
1486,윈텍,320000
1487,유니슨,018000
1488,유니크,011320
1489,이상네트웍스,080010
1490,이스트아시아홀딩스,900110
1491,이엔드디,101360
1492,이오플로우,294090
1493,이즈미디어,181340
1494,이퓨쳐,134060
1495,이화공영,001840
1496,인터엠,017250
1497,인피니트헬스케어,071200
1498,일신바이오,068330
1499,장원테크,174880
1500,제노코,361390
1501,제이웨이,058420
1502,젬백스링크,064800
1503,조광ILI,044060
1504,줌인터넷,239340
1505,중앙백신,072020
1506,지나인제약,078650
1507,지니너스,389030
1508,지아이텍,382480
1509,진시스템,363250
1510,카스,016920
1511,카페24,042000
1512,케이에스피,073010
1513,코나아이,052400
1514,코텍,052330
1515,큐라클,365270
1516,큐로홀딩스,051780
1517,크로바하이텍,043590
1518,크리스탈신소재,900250
1519,크린앤사이언스,045520
1520,클래시스,214150
1521,투비소프트,079970
1522,팅크웨어,084730
1523,파마리서치,214450
1524,팜스토리,027710
1525,포인트모바일,318020
1526,폴라리스오피스,041020
1527,푸드나무,290720
1528,피에이치씨,057880
1529,피제이메탈,128660
1530,하나금융21호스팩,406760
1531,한국바이오젠,318000
1532,한국전자인증,041460
1533,한국큐빅,021650
1534,한글과컴퓨터,030520
1535,한독크린텍,256150
1536,한창바이오텍,043090
1537,한프,066110
1538,해성산업,034810
1539,현대에버다임,041440
1540,홈캐스트,064240
1541,휴메딕스,200670
1542,휴온스블러썸,263920
1543,흥구석유,024060
1544,EMB,278990
1545,골프존데카,183410
1546,네추럴FNP,086220
1547,데이터스트림즈,199150
1548,로보쓰리,238500
1549,루켄테크놀러지스,162120
1550,메디젠휴먼케어,236340
1551,블루탑,191600
1552,비엔디생활건강,215050
1553,아이케이세미콘,149010
1554,에스엘에스바이오,246250
1555,엔지브이아이,093510
1556,유엑스엔,337840
1557,이비테크,208850
1558,젬,248020
1559,청광건설,140290
1560,프로테옴텍,303360
1561,피엔아이컴퍼니,242350
1562,BGF,027410
1563,DB,012030
1564,E1,017940
1565,F&F,383220
1566,JW생명과학,234080
1567,KC그린홀딩스,009440
1568,LG유플러스,032640
1569,NH올원리츠,400760
1570,SGC에너지,005090
1571,SNT중공업,003570
1572,SNT홀딩스,036530
1573,SPC삼립,005610
1574,STX엔진,077970
1575,경동도시가스,267290
1576,경방,000050
1577,고려제강,002240
1578,광동제약,009290
1579,광주신세계,037710
1580,국보,001140
1581,금비,008870
1582,금호석유화학,011780
1583,대림통상,006570
1584,대신증권,003540
1585,대원전선,006340
1586,대원화성,024890
1587,대유에이텍,002880
1588,덕성,004830
1589,도화엔지니어링,002150
1590,동방,004140
1591,동부건설,005960
1592,동성제약,002210
1593,동아에스티,170900
1594,동양고속,084670
1595,동원수산,030720
1596,동일제강,002690
1597,메리츠화재,000060
1598,미원에스씨,268280
1599,삼성에스디에스,018260
1600,삼성중공업,010140
1601,삼양사,145990
1602,삼양홀딩스,000070
1603,삼익악기,002450
1604,삼천리,004690
1605,서울식품공업,004410
1606,성창기업지주,000180
1607,세아제강지주,003030
1608,세원이앤씨,091090
1609,세종공업,033530
1610,시디즈,134790
1611,신세계,004170
1612,아세아,002030
1613,알루코,001780
1614,에스제이엠홀딩스,025530
1615,영풍,000670
1616,유성기업,002920
1617,이수페타시스,007660
1618,이아이디,093230
1619,일정실업,008500
1620,일진홀딩스,015860
1621,자이에스앤디,317400
1622,제이알글로벌리츠,348950
1623,제이콘텐트리,036420
1624,진양폴리우레탄,010640
1625,카카오페이,377300
1626,케이씨,029460
1627,코람코에너지리츠,357120
1628,코스맥스,192820
1629,코스맥스비티아이,044820
1630,키움증권,039490
1631,티웨이항공,091810
1632,팜젠사이언스,004720
1633,팬오션,028670
1634,평화산업,090080
1635,포스코인터내셔널,047050
1636,한국ANKOR유전,152550
1637,한국화장품,123690
1638,한국화장품제조,003350
1639,한라,014790
1640,한미반도체,042700
1641,한미사이언스,008930
1642,한섬,020000
1643,한세실업,105630
1644,한솔홈데코,025750
1645,한전산업,130660
1646,한컴라이프케어,372910
1647,한화손해보험,000370
1648,핸즈코퍼레이션,143210
1649,현대모비스,012330
1650,현대중공업지주,267250
1651,화승엔터프라이즈,241590
1652,화인베스틸,133820
1653,화천기계,010660
1654,효성티앤씨,298020
1655,후성,093370
1656,휠라홀딩스,081660
1657,휴스틸,005010
1658,COWON,056000
1659,DB금융스팩8호,367340
1660,FSN,214270
1661,GH신소재,130500
1662,IBKS제13호스팩,351340
1663,JYP Ent.,035900
1664,KPX생명과학,114450
1665,RFHIC,218410
1666,RF머트리얼즈,327260
1667,YBM넷,057030
1668,고려신용정보,049720
1669,고바이오랩,348150
1670,골드퍼시픽,038530
1671,광무,029480
1672,광진실업,026910
1673,국보디자인,066620
1674,그린플러스,186230
1675,기산텔레콤,035460
1676,나노스,151910
1677,나노씨엠에스,247660
1678,네오위즈,095660
1679,네패스,033640
1680,넥슨지티,041140
1681,대림제지,017650
1682,대신밸런스제8호스팩,336570
1683,대원,007680
1684,대한그린파워,060900
1685,대한뉴팜,054670
1686,덕신하우징,090410
1687,동국S&C,100130
1688,동운아나텍,094170
1689,드림씨아이에스,223250
1690,드림어스컴퍼니,060570
1691,디비금융스팩10호,404950
1692,디아이티,110990
1693,디에스케이,109740
1694,디에이치피코리아,131030
1695,디와이디,219550
1696,디케이앤디,263020
1697,디케이티,290550
1698,라온시큐어,042510
1699,라온테크,232680
1700,라이트론,069540
1701,라파스,214260
1702,리노스,039980
1703,리더스코스메틱,016100
1704,마이크로컨텍솔,098120
1705,메지온,140410
1706,모비릭스,348030
1707,미디어젠,279600
1708,미래나노텍,095500
1709,미래에셋대우스팩 5호,353490
1710,미투젠,950190
1711,바른전자,064520
1712,바이오플러스,099430
1713,바이젠셀,308080
1714,베스파,299910
1715,뷰웍스,100120
1716,비에이치,090460
1717,비올,335890
1718,비츠로셀,082920
1719,비츠로시스,054220
1720,비츠로테크,042370
1721,빅텍,065450
1722,삼성머스트스팩5호,380320
1723,서린바이오,038070
1724,서부T&D,006730
1725,서암기계공업,100660
1726,석경에이티,357550
1727,성우전자,081580
1728,세화피앤씨,252500
1729,셀레믹스,331920
1730,소리바다,053110
1731,수젠텍,253840
1732,스맥,099440
1733,스튜디오드래곤,253450
1734,시너지이노베이션,048870
1735,신라에스지,025870
1736,신라젠,215600
1737,신영스팩5호,323280
1738,신화콘텍,187270
1739,심텍,222800
1740,쎄니트,037760
1741,씨엔플러스,115530
1742,씨젠,096530
1743,아리온,058220
1744,아비코전자,036010
1745,아이디스홀딩스,054800
1746,아이쓰리시스템,214430
1747,아이에스이커머스,069920
1748,아이티아이즈,372800
1749,알테오젠,196170
1750,에스에이치엔엘,050320
1751,에스에이티,060540
1752,에스엠코어,007820
1753,에스코넥,096630
1754,에스티오,098660
1755,에이치엘사이언스,239610
1756,에이치엠씨제4호스팩,353070
1757,에이테크솔루션,071670
1758,에프엔씨엔터,173940
1759,엔브이에이치코리아,067570
1760,엔시트론,101400
1761,엔에프씨,265740
1762,엔켐,348370
1763,엘비세미콘,061970
1764,엘컴텍,037950
1765,엠로,058970
1766,엠에스씨,009780
1767,연우,115960
1768,오리엔탈정공,014940
1769,오킨스전자,080580
1770,와이솔,122990
1771,와이엔텍,067900
1772,와이오엠,066430
1773,와이지엔터테인먼트,122870
1774,우리이앤엘,153490
1775,우리조명,037400
1776,우주일렉트로,065680
1777,웹케시,053580
1778,위더스제약,330350
1779,위드텍,348350
1780,위지윅스튜디오,299900
1781,유라테크,048430
1782,유바이오로직스,206650
1783,유일로보틱스,388720
1784,육일씨엔에쓰,191410
1785,율호,072770
1786,이노뎁,303530
1787,이니텍,053350
1788,이엠코리아,095190
1789,인지디스플레,037330
1790,인카금융서비스,211050
1791,인화정공,101930
1792,일지테크,019540
1793,제넥신,095700
1794,제이에스티나,026040
1795,제이엠아이,033050
1796,제일바이오,052670
1797,제일전기공업,199820
1798,지더블유바이텍,036180
1799,지엔원에너지,270520
1800,진로발효,018120
1801,차백신연구소,261780
1802,카카오게임즈,293490
1803,케이디켐,221980
1804,케이씨티,089150
1805,케이엠더블유,032500
1806,케이옥션,102370
1807,케이피에스,256940
1808,코리아에스이,101670
1809,코맥스,036690
1810,코아스템,166480
1811,코웰패션,033290
1812,큐렉소,060280
1813,큐로컴,040350
1814,큐리언트,115180
1815,큐캐피탈,016600
1816,키이스트,054780
1817,테라셈,182690
1818,톱텍,108230
1819,티씨케이,064760
1820,티앤엘,340570
1821,티에스아이,277880
1822,티에스이,131290
1823,티움바이오,321550
1824,파세코,037070
1825,파인테크닉스,106240
1826,팜스빌,318010
1827,팬스타엔터프라이즈,054300
1828,펄어비스,263750
1829,포메탈,119500
1830,푸른저축은행,007330
1831,플레이위드,023770
1832,피씨엘,241820
1833,피피아이,062970
1834,하나금융17호스팩,363260
1835,하나머스트7호스팩,372290
1836,한국파마,032300
1837,한송네오텍,226440
1838,한일사료,005860
1839,한창산업,079170
1840,핸디소프트,220180
1841,현대공업,170030
1842,현대사료,016790
1843,화신정공,126640
1844,휴마시스,205470
1845,휴맥스,115160
1846,휴비츠,065510
1847,흥국,010240
1848,데이드림엔터,348840
1849,라이프사이언스테크놀로지,285770
1850,렌딩머신,179720
1851,명진홀딩스,267060
1852,미래엔에듀파트너,208890
1853,바이오인프라생명과학,266470
1854,베른,322190
1855,셀젠텍,258250
1856,수프로,185190
1857,스템랩,258540
1858,에스엠비나,299670
1859,에이원알폼,234070
1860,예스피치,403360
1861,유니포인트,121060
1862,이노진,344860
1863,이성씨엔아이,379390
1864,이앤에치,341310
1865,제노텍,066830
1866,탑선,180060
1867,파워풀엑스,266870
1868,CJ CGV,079160
1869,DB하이텍,000990
1870,DL이앤씨,375500
1871,HDC현대EP,089470
1872,HSD엔진,082740
1873,LF,093050
1874,POSCO홀딩스,005490
1875,SG세계물산,004060
1876,SIMPAC,009160
1877,SK아이이테크놀로지,361610
1878,SNT모티브,064960
1879,SUN&L,002820
1880,TCC스틸,002710
1881,가온전선,000500
1882,경보제약,214390
1883,고려산업,002140
1884,광전자,017900
1885,남광토건,001260
1886,넥센,005720
1887,다우기술,023590
1888,대교,019680
1889,대유플러스,000300
1890,대한제분,001130
1891,대한화섬,003830
1892,대호에이엘,069460
1893,동남합성,023450
1894,동양피스톤,092780
1895,동원산업,006040
1896,두산중공업,034020
1897,디와이파워,210540
1898,락앤락,115390
1899,롯데렌탈,089860
1900,롯데리츠,330590
1901,명신산업,009900
1902,무림P&P,009580
1903,미래에셋맵스리츠,357250
1904,미원상사,002840
1905,방림,003610
1906,사조오양,006090
1907,삼성화재해상보험,000810
1908,삼아알미늄,006110
1909,삼영전자공업,005680
1910,삼진제약,005500
1911,삼화전자공업,011230
1912,새론오토모티브,075180
1913,성문전자,014910
1914,센트랄모텍,308170
1915,솔루엠,248070
1916,스틱인베스트먼트,026890
1917,신세계I&C,035510
1918,쌍방울,102280
1919,아남전자,008700
1920,에쓰씨엔지니어링,023960
1921,에이엔피,015260
1922,영흥,012160
1923,오리엔트바이오,002630
1924,오리온홀딩스,001800
1925,와이투솔루션,011690
1926,웅진,016880
1927,원림,005820
1928,유니퀘스트,077500
1929,이엔플러스,074610
1930,이지스밸류플러스리츠,334890
1931,인바이오젠,101140
1932,일동제약,249420
1933,일신석재,007110
1934,일양약품,007570
1935,일진머티리얼즈,020150
1936,주연테크,044380
1937,컨버즈,109070
1938,케이비아이동국실업,001620
1939,케이티스카이라이프,053210
1940,코웨이,021240
1941,태경비케이,014580
1942,티웨이홀딩스,004870
1943,파미셀,005690
1944,풀무원,017810
1945,풍산홀딩스,005810
1946,프레스티지바이오파마,950210
1947,하이트진로홀딩스,000140
1948,한국단자공업,025540
1949,한국앤컴퍼니,000240
1950,한국카본,017960
1951,한국콜마홀딩스,024720
1952,한농화성,011500
1953,한미약품,128940
1954,한전KPS,051600
1955,한화투자증권,003530
1956,현대약품,004310
1957,현대오토에버,307950
1958,현대해상,001450
1959,현대홈쇼핑,057050
1960,CJ ENM,035760
1961,CMG제약,058820
1962,HB테크놀러지,078150
1963,IBKS제16호스팩,388790
1964,KD,044180
1965,KG이니시스,035600
1966,KNN,058400
1967,NE능률,053290
1968,NHN한국사이버결제,060250
1969,SBI인베스트먼트,019550
1970,SG,255220
1971,SK6호스팩,340350
1972,SM C&C,048550
1973,구영테크,053270
1974,기가레인,049080
1975,나라엠앤디,051490
1976,나우IB,293580
1977,네오펙트,290660
1978,네패스아크,330860
1979,노을,376930
1980,녹십자엠에스,142280
1981,다우데이타,032190
1982,다원시스,068240
1983,대동금속,020400
1984,대동기어,008830
1985,대륙제관,004780
1986,대모,317850
1987,대보마그네틱,290670
1988,대성창투,027830
1989,대정화금,120240
1990,대창스틸,140520
1991,동성화인텍,033500
1992,동양에스텍,060380
1993,동양이엔피,079960
1994,동우팜투테이블,088910
1995,디스플레이텍,066670
1996,디와이피엔에프,104460
1997,디젠스,113810
1998,러셀,217500
1999,레이,228670
2000,매일유업,267980
2001,메가스터디,072870
2002,모다이노칩,080420
2003,모바일어플라이언스,087260
2004,미투온,201490
2005,바디텍메드,206640
2006,바이오솔루션,086820
2007,부방,014470
2008,브이원텍,251630
2009,비나텍,126340
2010,삼강엠앤티,100090
2011,삼영에스앤씨,361670
2012,상신전자,263810
2013,서진시스템,178320
2014,서플러스글로벌,140070
2015,서한,011370
2016,선광,003100
2017,선익시스템,171090
2018,성광벤드,014620
2019,세원물산,024830
2020,세코닉스,053450
2021,소프트센,032680
2022,솔본,035610
2023,수산아이앤티,050960
2024,스코넥,276040
2025,신진에스엠,138070
2026,신흥에스이씨,243840
2027,심텍홀딩스,036710
2028,쎌바이오텍,049960
2029,씨에스베어링,297090
2030,씨유메디칼,115480
2031,아미노로직스,074430
2032,아바텍,149950
2033,아이디스,143160
2034,아이앤씨,052860
2035,아이티엠반도체,084850
2036,아진엑스텍,059120
2037,아톤,158430
2038,아프리카TV,067160
2039,안트로젠,065660
2040,알엔투테크놀로지,148250
2041,압타머사이언스,291650
2042,애머릿지,900100
2043,액토즈소프트,052790
2044,앤씨앤,092600
2045,에스디시스템,121890
2046,에스앤에스텍,101490
2047,에스엠,041510
2048,에스티아이,039440
2049,에스티큐브,052020
2050,에이치케이,044780
2051,에코프로,086520
2052,에코프로비엠,247540
2053,엑사이엔씨,054940
2054,엔비티,236810
2055,엔에이치스팩22호,396770
2056,엘앤케이바이오,156100
2057,오로스테크놀로지,322310
2058,오리콤,010470
2059,오비고,352910
2060,오성첨단소재,052420
2061,오스템,031510
2062,우리기술,032820
2063,우리기술투자,041190
2064,원티드랩,376980
2065,월덱스,101160
2066,웰크론한텍,076080
2067,웹스,196700
2068,윙입푸드,900340
2069,유니셈,036200
2070,유진기업,023410
2071,유진로봇,056080
2072,이노인스트루먼트,215790
2073,이녹스첨단소재,272290
2074,이라이콤,041520
2075,이베스트투자증권,078020
2076,이엠텍,091120
2077,이원컴포텍,088290
2078,이크레더블,092130
2079,인베니아,079950
2080,인콘,083640
2081,인크로스,216050
2082,인탑스,049070
2083,인텔리안테크,189300
2084,인포마크,175140
2085,인피니티엔티,016670
2086,일야,058450
2087,일진파워,094820
2088,제노포커스,187420
2089,제닉,123330
2090,제룡산업,147830
2091,제이브이엠,054950
2092,제이씨케미칼,137950
2093,제이엔케이히터,126880
2094,젠큐릭스,229000
2095,중앙에너비스,000440
2096,지놈앤컴퍼니,314130
2097,지앤비에스엔지니어링,382800
2098,지엘팜텍,204840
2099,진매트릭스,109820
2100,창해에탄올,004650
2101,체리부로,066360
2102,컬러레이,900310
2103,케어랩스,263700
2104,케이엔제이,272110
2105,케이엠,083550
2106,케이프,064820
2107,코디,080530
2108,코리아에프티,123410
2109,콜마비앤에이치,200130
2110,클라우드에어,036170
2111,타이거일렉,219130
2112,탑코미디어,134580
2113,테스,095610
2114,툴젠,199800
2115,티사이언티픽,057680
2116,티피씨글로벌,130740
2117,파워로직스,047310
2118,판타지오,032800
2119,팬젠,222110
2120,포커스에이치엔에스,331380
2121,프리엠스,053160
2122,플랜티넷,075130
2123,피앤씨테크,237750
2124,하나금융20호스팩,400560
2125,하림지주,003380
2126,하이제6호스팩,377400
2127,하이텍팜,106190
2128,한국가구,004590
2129,한국비엔씨,256840
2130,한국정밀기계,101680
2131,한양이엔지,045100
2132,한일진공,123840
2133,헬릭스미스,084990
2134,협진,138360
2135,휘닉스소재,050090
2136,휴온스,243070
2137,나우코스,257990
2138,노브메타파마,229500
2139,대동고려삼,178600
2140,더콘텐츠온,302920
2141,루트락,253610
2142,볼빅,206950
2143,비플라이소프트,148780
2144,뿌리깊은나무들,266170
2145,시그넷이브이,260870
2146,시큐센,232830
2147,씨엔티드림,286000
2148,에스엔피제네틱스,086460
2149,엔솔바이오사이언스,140610
2150,엠앤씨생명과학,225860
2151,인바이츠바이오코아,216400
2152,인터코스,240340
2153,질경이,233990
2154,켈스,402420
2155,크로넥스,215570
2156,판도라티비,202960
2157,BYC,001460
2158,DB손해보험,005830
2159,GKL,114090
2160,JB금융지주,175330
2161,JW홀딩스,096760
2162,KH 필룩스,033180
2163,LG,003550
2164,LS네트웍스,000680
2165,LX홀딩스,383800
2166,SK디스커버리,006120
2167,강남제비스코,000860
2168,계양전기,012200
2169,광명전기,017040
2170,교촌에프앤비,339770
2171,그린케미칼,083420
2172,금호에이치티,214330
2173,깨끗한나라,004540
2174,넥스트사이언스,003580
2175,넷마블,251270
2176,노루홀딩스,000320
2177,대동,000490
2178,대상홀딩스,084690
2179,대우부품,009320
2180,대우조선해양,042660
2181,대창단조,015230
2182,대현,016090
2183,동아쏘시오홀딩스,000640
2184,동일고무벨트,163560
2185,동일산업,004890
2186,두올,016740
2187,드림텍,192650
2188,롯데손해보험,000400
2189,롯데쇼핑,023530
2190,롯데제과,280360
2191,롯데지주,004990
2192,모나리자,012690
2193,무림페이퍼,009200
2194,미래산업,025560
2195,미래에셋증권,006800
2196,미원홀딩스,107590
2197,보해양조,000890
2198,비케이탑스,030790
2199,사조동아원,008040
2200,삼성SDI,006400
2201,삼성물산,028260
2202,삼성전기,009150
2203,삼화콘덴서공업,001820
2204,상신브레이크,041650
2205,서울도시가스,017390
2206,성신양회,004980
2207,신흥,004080
2208,씨에스윈드,112610
2209,아모레퍼시픽그룹,002790
2210,아센디오,012170
2211,아시아나항공,020560
2212,에스원,012750
2213,에스케이바이오팜,326030
2214,에이리츠,140910
2215,에이프로젠제약,003060
2216,에이플러스에셋,244920
2217,엔에이치스팩19호,380440
2218,엘에스일렉트릭,010120
2219,영풍제지,006740
2220,예스코홀딩스,015360
2221,우리종금,010050
2222,우진아이엔에스,010400
2223,웅진씽크빅,095720
2224,유수홀딩스,000700
2225,유엔젤,072130
2226,유유제약,000220
2227,율촌화학,008730
2228,이지스레지던스리츠,350520
2229,이화산업,000760
2230,인팩,023810
2231,일신방직,003200
2232,일진하이솔루스,271940
2233,잇츠한불,226320
2234,전방,000950
2235,제주항공,089590
2236,조일알미늄,018470
2237,종근당,185750
2238,진양산업,003780
2239,진양홀딩스,100250
2240,진원생명과학,011000
2241,진흥기업,002780
2242,천일고속,000650
2243,체시스,033250
2244,카프로,006380
2245,케이티,030200
2246,케이티앤지,033780
2247,태경산업,015890
2248,테이팩스,055490
2249,평화홀딩스,010770
2250,풍산,103140
2251,하나금융지주,086790
2252,한국가스공사,036460
2253,한국쉘석유,002960
2254,한국특강,007280
2255,한성기업,003680
2256,한세예스24홀딩스,016450
2257,한익스프레스,014130
2258,한일홀딩스,003300
2259,한창,005110
2260,현대그린푸드,005440
2261,현대로템,064350
2262,현대미포조선,010620
2263,현대위아,011210
2264,현대코퍼레이션,011760
2265,현대코퍼레이션홀딩스,227840
2266,화신,010690
2267,휴켐스,069260
2268,흥아해운,003280
2269,AP시스템,265520
2270,AP위성,211270
2271,BNGT,032790
2272,JTC,950170
2273,KH E&T,226360
2274,KH 일렉트론,111870
2275,S&K폴리텍,091340
2276,SFA반도체,036540
2277,SGA,049470
2278,SGC이테크건설,016250
2279,SM Life Design,063440
2280,THE E&M,089230
2281,THE MIDONG,161570
2282,UCI,038340
2283,골프존,215000
2284,골프존뉴딘홀딩스,121440
2285,교보10호기업인수목적,355150
2286,글로벌에스엠,900070
2287,금화피에스시,036190
2288,나스미디어,089600
2289,네온테크,306620
2290,녹십자웰빙,234690
2291,누리플랜,069140
2292,다나와,119860
2293,다믈멀티미디어,093640
2294,대동스틸,048470
2295,대신밸런스제10호스팩,387310
2296,대주전자재료,078600
2297,데이타솔루션,263800
2298,덱스터,206560
2299,덴티스,261200
2300,동국알앤에스,075970
2301,동일금속,109860
2302,동화기업,025900
2303,디어유,376300
2304,디에이테크놀로지,196490
2305,디지캡,197140
2306,라닉스,317120
2307,라이온켐텍,171120
2308,라이프시맨틱스,347700
2309,로보티즈,108490
2310,로체시스템즈,071280
2311,루트로닉,085370
2312,리노공업,058470
2313,리파인,377450
2314,마니커에프앤지,195500
2315,마이크로디지탈,305090
2316,매커스,093520
2317,맥스트,377030
2318,메디아나,041920
2319,메카로,241770
2320,명성티엔에스,257370
2321,모바일리더,100030
2322,미래생명자원,218150
2323,백금T&A,046310
2324,버킷스튜디오,066410
2325,보성파워텍,006910
2326,블루베리 NFT,044480
2327,비디아이,148140
2328,비비씨,318410
2329,비씨월드제약,200780
2330,비아트론,141000
2331,비트나인,357880
2332,빅솔론,093190
2333,빛샘전자,072950
2334,삼기,122350
2335,삼영이엔씨,065570
2336,서남,294630
2337,서희건설,035890
2338,세동,053060
2339,세림B&G,340440
2340,세중,039310
2341,세진티에스,067770
2342,셀리드,299660
2343,셀트리온제약,068760
2344,솔트룩스,304100
2345,쇼박스,086980
2346,슈프리마아이디,317770
2347,승일,049830
2348,신신제약,002800
2349,썸에이지,208640
2350,쏠리드,050890
2351,아난티,025980
2352,아바코,083930
2353,아스트,067390
2354,아이텍,119830
2355,아이패밀리에스씨,114840
2356,알로이스,297570
2357,알리코제약,260660
2358,앱코,129890
2359,야스,255440
2360,양지사,030960
2361,에스넷,038680
2362,에스씨디,042110
2363,에스에스알,275630
2364,에스와이,109610
2365,에스케이증권7호스팩,408920
2366,에스텍,069510
2367,에스폴리텍,050760
2368,에스퓨얼셀,288620
2369,에이비온,203400
2370,에이에프더블류,312610
2371,에이치시티,072990
2372,에이치엘비파워,043220
2373,에이치피오,357230
2374,에이트원,230980
2375,에이티세미콘,089530
2376,에코프로에이치엔,383310
2377,에코플라스틱,038110
2378,에프에스티,036810
2379,엔에이치스팩20호,391060
2380,엔에이치스팩21호,391710
2381,엔젠바이오,354200
2382,엔피,291230
2383,엔피케이,048830
2384,엘앤에프,066970
2385,엘티씨,170920
2386,연이비앤티,090740
2387,영우디에스피,143540
2388,예선테크,250930
2389,오로라,039830
2390,오리엔트정공,065500
2391,오상자이엘,053980
2392,오스코텍,039200
2393,오파스넷,173130
2394,올릭스,226950
2395,옴니시스템,057540
2396,와이엠텍,273640
2397,우리로,046970
2398,우리산업,215360
2399,우원개발,046940
2400,우정바이오,215380
2401,우진비앤지,018620
2402,원바이오젠,307280
2403,원익,032940
2404,원익큐브,014190
2405,원익피앤이,131390
2406,원풍물산,008290
2407,위즈코프,038620
2408,윈팩,097800
2409,유비케어,032620
2410,이노메트리,302430
2411,이노테라피,246960
2412,이루다,164060
2413,이브이첨단소재,131400
2414,이씨에스,067010
2415,이오테크닉스,039030
2416,이지트로닉스,377330
2417,이지홀딩스,035810
2418,인바이오,352940
2419,인터로조,119610
2420,인터플렉스,051370
2421,자연과환경,043910
2422,제이스텍,090470
2423,제테마,216080
2424,좋은사람들,033340
2425,지노믹트리,228760
2426,지씨셀,144510
2427,지어소프트,051160
2428,지에스이,053050
2429,진양제약,007370
2430,차바이오텍,085660
2431,참존글로벌,158310
2432,카이노스메드,284620
2433,컴투스,078340
2434,케이엘넷,039420
2435,케이엠제약,225430
2436,케이티알파,036030
2437,켐트로닉스,089010
2438,코렌텍,104540
2439,코리아나,027050
2440,코미코,183300
2441,코오롱티슈진,950160
2442,코윈테크,282880
2443,코콤,015710
2444,퀀타매트릭스,317690
2445,큐에스아이,066310
2446,크레버스,096240
2447,크리스탈지노믹스,083790
2448,텔레칩스,054450
2449,텔레필드,091440
2450,티라유텍,322180
2451,티플랙스,081150
2452,파나케이아,058530
2453,파이오링크,170790
2454,파인디앤씨,049120
2455,포스코엠텍,009520
2456,포시에스,189690
2457,푸른기술,094940
2458,프럼파스트,035200
2459,프레스티지바이오로직스,334970
2460,플리토,300080
2461,피에스텍,002230
2462,하나기술,299030
2463,하이록코리아,013030
2464,하이비젼시스템,126700
2465,하인크코리아,373200
2466,하츠,066130
2467,한국기업평가,034950
2468,한국알콜,017890
2469,한국전자금융,063570
2470,한국정보공학,039740
2471,한국테크놀로지,053590
2472,한국팩키지,037230
2473,한네트,052600
2474,한라IMS,092460
2475,한스바이오메드,042520
2476,한컴위드,054920
2477,한탑,002680
2478,홈센타홀딩스,060560
2479,휴맥스홀딩스,028080
2480,힘스,238490
2481,나라소프트,288490
2482,듀켐바이오,176750
2483,엄지하우스,224810
2484,에스케이씨에스,224020
2485,에이펙스인텍,207490
2486,오션스톤,329020
2487,원텍,216280
2488,원포유,122830
2489,위월드,140660
2490,이엠티,232530
2491,지앤이헬스케어,299480
2492,코셋,189350
2493,코스텍시스템,169670
2494,타임기술,318660
2495,토마토시스템,393210
2496,틸론,217880
2497,플럼라인생명과학,222670
2498,한국미라클피플사,331660
2499,휴벡셀,212310
