,Survived,Pclass,Sex,Age,SibSp,Parch,Fare,Cabin,Embarked
0,0,3,1,22.0,1,0,7.25,7,3
1,1,1,0,38.0,1,0,71.2833,2,0
2,1,3,0,26.0,0,0,7.925,7,3
3,1,1,0,35.0,1,0,53.1,2,3
4,0,3,1,35.0,0,0,8.05,7,3
5,0,3,1,29.69911764705882,0,0,8.4583,7,2
6,0,1,1,54.0,0,0,51.8625,4,3
7,0,3,1,2.0,3,1,21.075,7,3
8,1,3,0,27.0,0,2,11.1333,7,3
9,1,2,0,14.0,1,0,30.0708,7,0
10,1,3,0,4.0,1,1,16.7,6,3
11,1,1,0,58.0,0,0,26.55,2,3
12,0,3,1,20.0,0,0,8.05,7,3
13,0,3,1,39.0,1,5,31.275,7,3
14,0,3,0,14.0,0,0,7.8542,7,3
15,1,2,0,55.0,0,0,16.0,7,3
16,0,3,1,2.0,4,1,29.125,7,2
17,1,2,1,29.69911764705882,0,0,13.0,7,3
18,0,3,0,31.0,1,0,18.0,7,3
19,1,3,0,29.69911764705882,0,0,7.225,7,0
20,0,2,1,35.0,0,0,26.0,7,3
21,1,2,1,34.0,0,0,13.0,3,3
22,1,3,0,15.0,0,0,8.0292,7,2
23,1,1,1,28.0,0,0,35.5,0,3
24,0,3,0,8.0,3,1,21.075,7,3
25,1,3,0,38.0,1,5,31.3875,7,3
26,0,3,1,29.69911764705882,0,0,7.225,7,0
27,0,1,1,19.0,3,2,263.0,2,3
28,1,3,0,29.69911764705882,0,0,7.8792,7,2
29,0,3,1,29.69911764705882,0,0,7.8958,7,3
30,0,1,1,40.0,0,0,27.7208,7,0
31,1,1,0,29.69911764705882,1,0,146.5208,1,0
32,1,3,0,29.69911764705882,0,0,7.75,7,2
33,0,2,1,66.0,0,0,10.5,7,3
34,0,1,1,28.0,1,0,82.1708,7,0
35,0,1,1,42.0,1,0,52.0,7,3
36,1,3,1,29.69911764705882,0,0,7.2292,7,0
37,0,3,1,21.0,0,0,8.05,7,3
38,0,3,0,18.0,2,0,18.0,7,3
39,1,3,0,14.0,1,0,11.2417,7,0
40,0,3,0,40.0,1,0,9.475,7,3
41,0,2,0,27.0,1,0,21.0,7,3
42,0,3,1,29.69911764705882,0,0,7.8958,7,0
43,1,2,0,3.0,1,2,41.5792,7,0
44,1,3,0,19.0,0,0,7.8792,7,2
45,0,3,1,29.69911764705882,0,0,8.05,7,3
46,0,3,1,29.69911764705882,1,0,15.5,7,2
47,1,3,0,29.69911764705882,0,0,7.75,7,2
48,0,3,1,29.69911764705882,2,0,21.6792,7,0
49,0,3,0,18.0,1,0,17.8,7,3
50,0,3,1,7.0,4,1,39.6875,7,3
51,0,3,1,21.0,0,0,7.8,7,3
52,1,1,0,49.0,1,0,76.7292,3,0
53,1,2,0,29.0,1,0,26.0,7,3
54,0,1,1,65.0,0,1,61.9792,1,0
55,1,1,1,29.69911764705882,0,0,35.5,2,3
56,1,2,0,21.0,0,0,10.5,7,3
57,0,3,1,28.5,0,0,7.2292,7,0
58,1,2,0,5.0,1,2,27.75,7,3
59,0,3,1,11.0,5,2,46.9,7,3
60,0,3,1,22.0,0,0,7.2292,7,0
61,1,1,0,38.0,0,0,80.0,1,1
62,0,1,1,45.0,1,0,83.475,2,3
63,0,3,1,4.0,3,2,27.9,7,3
64,0,1,1,29.69911764705882,0,0,27.7208,7,0
65,1,3,1,29.69911764705882,1,1,15.2458,7,0
66,1,2,0,29.0,0,0,10.5,5,3
67,0,3,1,19.0,0,0,8.1583,7,3
68,1,3,0,17.0,4,2,7.925,7,3
69,0,3,1,26.0,2,0,8.6625,7,3
70,0,2,1,32.0,0,0,10.5,7,3
71,0,3,0,16.0,5,2,46.9,7,3
72,0,2,1,21.0,0,0,73.5,7,3
73,0,3,1,26.0,1,0,14.4542,7,0
74,1,3,1,32.0,0,0,56.4958,7,3
75,0,3,1,25.0,0,0,7.65,5,3
76,0,3,1,29.69911764705882,0,0,7.8958,7,3
77,0,3,1,29.69911764705882,0,0,8.05,7,3
78,1,2,1,0.83,0,2,29.0,7,3
79,1,3,0,30.0,0,0,12.475,7,3
80,0,3,1,22.0,0,0,9.0,7,3
81,1,3,1,29.0,0,0,9.5,7,3
82,1,3,0,29.69911764705882,0,0,7.7875,7,2
83,0,1,1,28.0,0,0,47.1,7,3
84,1,2,0,17.0,0,0,10.5,7,3
85,1,3,0,33.0,3,0,15.85,7,3
86,0,3,1,16.0,1,3,34.375,7,3
87,0,3,1,29.69911764705882,0,0,8.05,7,3
88,1,1,0,23.0,3,2,263.0,2,3
89,0,3,1,24.0,0,0,8.05,7,3
90,0,3,1,29.0,0,0,8.05,7,3
91,0,3,1,20.0,0,0,7.8542,7,3
92,0,1,1,46.0,1,0,61.175,4,3
93,0,3,1,26.0,1,2,20.575,7,3
94,0,3,1,59.0,0,0,7.25,7,3
95,0,3,1,29.69911764705882,0,0,8.05,7,3
96,0,1,1,71.0,0,0,34.6542,0,0
97,1,1,1,23.0,0,1,63.3583,3,0
98,1,2,0,34.0,0,1,23.0,7,3
99,0,2,1,34.0,1,0,26.0,7,3
100,0,3,0,28.0,0,0,7.8958,7,3
101,0,3,1,29.69911764705882,0,0,7.8958,7,3
102,0,1,1,21.0,0,1,77.2875,3,3
103,0,3,1,33.0,0,0,8.6542,7,3
104,0,3,1,37.0,2,0,7.925,7,3
105,0,3,1,28.0,0,0,7.8958,7,3
106,1,3,0,21.0,0,0,7.65,7,3
107,1,3,1,29.69911764705882,0,0,7.775,7,3
108,0,3,1,38.0,0,0,7.8958,7,3
109,1,3,0,29.69911764705882,1,0,24.15,7,2
110,0,1,1,47.0,0,0,52.0,2,3
111,0,3,0,14.5,1,0,14.4542,7,0
112,0,3,1,22.0,0,0,8.05,7,3
113,0,3,0,20.0,1,0,9.825,7,3
114,0,3,0,17.0,0,0,14.4583,7,0
115,0,3,1,21.0,0,0,7.925,7,3
116,0,3,1,70.5,0,0,7.75,7,2
117,0,2,1,29.0,1,0,21.0,7,3
118,0,1,1,24.0,0,1,247.5208,1,0
119,0,3,0,2.0,4,2,31.275,7,3
120,0,2,1,21.0,2,0,73.5,7,3
121,0,3,1,29.69911764705882,0,0,8.05,7,3
122,0,2,1,32.5,1,0,30.0708,7,0
123,1,2,0,32.5,0,0,13.0,4,3
124,0,1,1,54.0,0,1,77.2875,3,3
125,1,3,1,12.0,1,0,11.2417,7,0
126,0,3,1,29.69911764705882,0,0,7.75,7,2
127,1,3,1,24.0,0,0,7.1417,7,3
128,1,3,0,29.69911764705882,1,1,22.3583,5,0
129,0,3,1,45.0,0,0,6.975,7,3
130,0,3,1,33.0,0,0,7.8958,7,0
131,0,3,1,20.0,0,0,7.05,7,3
132,0,3,0,47.0,1,0,14.5,7,3
133,1,2,0,29.0,1,0,26.0,7,3
134,0,2,1,25.0,0,0,13.0,7,3
135,0,2,1,23.0,0,0,15.0458,7,0
136,1,1,0,19.0,0,2,26.2833,3,3
137,0,1,1,37.0,1,0,53.1,2,3
138,0,3,1,16.0,0,0,9.2167,7,3
139,0,1,1,24.0,0,0,79.2,1,0
140,0,3,0,29.69911764705882,0,2,15.2458,7,0
141,1,3,0,22.0,0,0,7.75,7,3
142,1,3,0,24.0,1,0,15.85,7,3
143,0,3,1,19.0,0,0,6.75,7,2
144,0,2,1,18.0,0,0,11.5,7,3
145,0,2,1,19.0,1,1,36.75,7,3
146,1,3,1,27.0,0,0,7.7958,7,3
147,0,3,0,9.0,2,2,34.375,7,3
148,0,2,1,36.5,0,2,26.0,5,3
149,0,2,1,42.0,0,0,13.0,7,3
150,0,2,1,51.0,0,0,12.525,7,3
151,1,1,0,22.0,1,0,66.6,2,3
152,0,3,1,55.5,0,0,8.05,7,3
153,0,3,1,40.5,0,2,14.5,7,3
154,0,3,1,29.69911764705882,0,0,7.3125,7,3
155,0,1,1,51.0,0,1,61.3792,7,0
156,1,3,0,16.0,0,0,7.7333,7,2
157,0,3,1,30.0,0,0,8.05,7,3
158,0,3,1,29.69911764705882,0,0,8.6625,7,3
159,0,3,1,29.69911764705882,8,2,69.55,7,3
160,0,3,1,44.0,0,1,16.1,7,3
161,1,2,0,40.0,0,0,15.75,7,3
162,0,3,1,26.0,0,0,7.775,7,3
163,0,3,1,17.0,0,0,8.6625,7,3
164,0,3,1,1.0,4,1,39.6875,7,3
165,1,3,1,9.0,0,2,20.525,7,3
166,1,1,0,29.69911764705882,0,1,55.0,4,3
167,0,3,0,45.0,1,4,27.9,7,3
168,0,1,1,29.69911764705882,0,0,25.925,7,3
169,0,3,1,28.0,0,0,56.4958,7,3
170,0,1,1,61.0,0,0,33.5,1,3
171,0,3,1,4.0,4,1,29.125,7,2
172,1,3,0,1.0,1,1,11.1333,7,3
173,0,3,1,21.0,0,0,7.925,7,3
174,0,1,1,56.0,0,0,30.6958,0,0
175,0,3,1,18.0,1,1,7.8542,7,3
176,0,3,1,29.69911764705882,3,1,25.4667,7,3
177,0,1,0,50.0,0,0,28.7125,2,0
178,0,2,1,30.0,0,0,13.0,7,3
179,0,3,1,36.0,0,0,0.0,7,3
180,0,3,0,29.69911764705882,8,2,69.55,7,3
181,0,2,1,29.69911764705882,0,0,15.05,7,0
182,0,3,1,9.0,4,2,31.3875,7,3
183,1,2,1,1.0,2,1,39.0,5,3
184,1,3,0,4.0,0,2,22.025,7,3
185,0,1,1,29.69911764705882,0,0,50.0,0,3
186,1,3,0,29.69911764705882,1,0,15.5,7,2
187,1,1,1,45.0,0,0,26.55,7,3
188,0,3,1,40.0,1,1,15.5,7,2
189,0,3,1,36.0,0,0,7.8958,7,3
190,1,2,0,32.0,0,0,13.0,7,3
191,0,2,1,19.0,0,0,13.0,7,3
192,1,3,0,19.0,1,0,7.8542,7,3
193,1,2,1,3.0,1,1,26.0,5,3
194,1,1,0,44.0,0,0,27.7208,1,0
195,1,1,0,58.0,0,0,146.5208,1,0
196,0,3,1,29.69911764705882,0,0,7.75,7,2
197,0,3,1,42.0,0,1,8.4042,7,3
198,1,3,0,29.69911764705882,0,0,7.75,7,2
199,0,2,0,24.0,0,0,13.0,7,3
200,0,3,1,28.0,0,0,9.5,7,3
201,0,3,1,29.69911764705882,8,2,69.55,7,3
202,0,3,1,34.0,0,0,6.4958,7,3
203,0,3,1,45.5,0,0,7.225,7,0
204,1,3,1,18.0,0,0,8.05,7,3
205,0,3,0,2.0,0,1,10.4625,6,3
206,0,3,1,32.0,1,0,15.85,7,3
207,1,3,1,26.0,0,0,18.7875,7,0
208,1,3,0,16.0,0,0,7.75,7,2
209,1,1,1,40.0,0,0,31.0,0,0
210,0,3,1,24.0,0,0,7.05,7,3
211,1,2,0,35.0,0,0,21.0,7,3
212,0,3,1,22.0,0,0,7.25,7,3
213,0,2,1,30.0,0,0,13.0,7,3
214,0,3,1,29.69911764705882,1,0,7.75,7,2
215,1,1,0,31.0,1,0,113.275,3,0
216,1,3,0,27.0,0,0,7.925,7,3
217,0,2,1,42.0,1,0,27.0,7,3
218,1,1,0,32.0,0,0,76.2917,3,0
219,0,2,1,30.0,0,0,10.5,7,3
220,1,3,1,16.0,0,0,8.05,7,3
221,0,2,1,27.0,0,0,13.0,7,3
222,0,3,1,51.0,0,0,8.05,7,3
223,0,3,1,29.69911764705882,0,0,7.8958,7,3
224,1,1,1,38.0,1,0,90.0,2,3
225,0,3,1,22.0,0,0,9.35,7,3
226,1,2,1,19.0,0,0,10.5,7,3
227,0,3,1,20.5,0,0,7.25,7,3
228,0,2,1,18.0,0,0,13.0,7,3
229,0,3,0,29.69911764705882,3,1,25.4667,7,3
230,1,1,0,35.0,1,0,83.475,2,3
231,0,3,1,29.0,0,0,7.775,7,3
232,0,2,1,59.0,0,0,13.5,7,3
233,1,3,0,5.0,4,2,31.3875,7,3
234,0,2,1,24.0,0,0,10.5,7,3
235,0,3,0,29.69911764705882,0,0,7.55,7,3
236,0,2,1,44.0,1,0,26.0,7,3
237,1,2,0,8.0,0,2,26.25,7,3
238,0,2,1,19.0,0,0,10.5,7,3
239,0,2,1,33.0,0,0,12.275,7,3
240,0,3,0,29.69911764705882,1,0,14.4542,7,0
241,1,3,0,29.69911764705882,1,0,15.5,7,2
242,0,2,1,29.0,0,0,10.5,7,3
243,0,3,1,22.0,0,0,7.125,7,3
244,0,3,1,30.0,0,0,7.225,7,0
245,0,1,1,44.0,2,0,90.0,2,2
246,0,3,0,25.0,0,0,7.775,7,3
247,1,2,0,24.0,0,2,14.5,7,3
248,1,1,1,37.0,1,1,52.5542,3,3
249,0,2,1,54.0,1,0,26.0,7,3
250,0,3,1,29.69911764705882,0,0,7.25,7,3
251,0,3,0,29.0,1,1,10.4625,6,3
252,0,1,1,62.0,0,0,26.55,2,3
253,0,3,1,30.0,1,0,16.1,7,3
254,0,3,0,41.0,0,2,20.2125,7,3
255,1,3,0,29.0,0,2,15.2458,7,0
256,1,1,0,29.69911764705882,0,0,79.2,7,0
257,1,1,0,30.0,0,0,86.5,1,3
258,1,1,0,35.0,0,0,512.3292,7,0
259,1,2,0,50.0,0,1,26.0,7,3
260,0,3,1,29.69911764705882,0,0,7.75,7,2
261,1,3,1,3.0,4,2,31.3875,7,3
262,0,1,1,52.0,1,1,79.65,4,3
263,0,1,1,40.0,0,0,0.0,1,3
264,0,3,0,29.69911764705882,0,0,7.75,7,2
265,0,2,1,36.0,0,0,10.5,7,3
266,0,3,1,16.0,4,1,39.6875,7,3
267,1,3,1,25.0,1,0,7.775,7,3
268,1,1,0,58.0,0,1,153.4625,2,3
269,1,1,0,35.0,0,0,135.6333,2,3
270,0,1,1,29.69911764705882,0,0,31.0,7,3
271,1,3,1,25.0,0,0,0.0,7,3
272,1,2,0,41.0,0,1,19.5,7,3
273,0,1,1,37.0,0,1,29.7,2,0
274,1,3,0,29.69911764705882,0,0,7.75,7,2
275,1,1,0,63.0,1,0,77.9583,3,3
276,0,3,0,45.0,0,0,7.75,7,3
277,0,2,1,29.69911764705882,0,0,0.0,7,3
278,0,3,1,7.0,4,1,29.125,7,2
279,1,3,0,35.0,1,1,20.25,7,3
280,0,3,1,65.0,0,0,7.75,7,2
281,0,3,1,28.0,0,0,7.8542,7,3
282,0,3,1,16.0,0,0,9.5,7,3
283,1,3,1,19.0,0,0,8.05,7,3
284,0,1,1,29.69911764705882,0,0,26.0,0,3
285,0,3,1,33.0,0,0,8.6625,7,0
286,1,3,1,30.0,0,0,9.5,7,3
287,0,3,1,22.0,0,0,7.8958,7,3
288,1,2,1,42.0,0,0,13.0,7,3
289,1,3,0,22.0,0,0,7.75,7,2
290,1,1,0,26.0,0,0,78.85,7,3
291,1,1,0,19.0,1,0,91.0792,1,0
292,0,2,1,36.0,0,0,12.875,3,0
293,0,3,0,24.0,0,0,8.85,7,3
294,0,3,1,24.0,0,0,7.8958,7,3
295,0,1,1,29.69911764705882,0,0,27.7208,7,0
296,0,3,1,23.5,0,0,7.2292,7,0
297,0,1,0,2.0,1,2,151.55,2,3
298,1,1,1,29.69911764705882,0,0,30.5,2,3
299,1,1,0,50.0,0,1,247.5208,1,0
300,1,3,0,29.69911764705882,0,0,7.75,7,2
301,1,3,1,29.69911764705882,2,0,23.25,7,2
302,0,3,1,19.0,0,0,0.0,7,3
303,1,2,0,29.69911764705882,0,0,12.35,4,2
304,0,3,1,29.69911764705882,0,0,8.05,7,3
305,1,1,1,0.92,1,2,151.55,2,3
306,1,1,0,29.69911764705882,0,0,110.8833,7,0
307,1,1,0,17.0,1,0,108.9,2,0
308,0,2,1,30.0,1,0,24.0,7,0
309,1,1,0,30.0,0,0,56.9292,4,0
310,1,1,0,24.0,0,0,83.1583,2,0
311,1,1,0,18.0,2,2,262.375,1,0
312,0,2,0,26.0,1,1,26.0,7,3
313,0,3,1,28.0,0,0,7.8958,7,3
314,0,2,1,43.0,1,1,26.25,7,3
315,1,3,0,26.0,0,0,7.8542,7,3
316,1,2,0,24.0,1,0,26.0,7,3
317,0,2,1,54.0,0,0,14.0,7,3
318,1,1,0,31.0,0,2,164.8667,2,3
319,1,1,0,40.0,1,1,134.5,4,0
320,0,3,1,22.0,0,0,7.25,7,3
321,0,3,1,27.0,0,0,7.8958,7,3
322,1,2,0,30.0,0,0,12.35,7,2
323,1,2,0,22.0,1,1,29.0,7,3
324,0,3,1,29.69911764705882,8,2,69.55,7,3
325,1,1,0,36.0,0,0,135.6333,2,0
326,0,3,1,61.0,0,0,6.2375,7,3
327,1,2,0,36.0,0,0,13.0,3,3
328,1,3,0,31.0,1,1,20.525,7,3
329,1,1,0,16.0,0,1,57.9792,1,0
330,1,3,0,29.69911764705882,2,0,23.25,7,2
331,0,1,1,45.5,0,0,28.5,2,3
332,0,1,1,38.0,0,1,153.4625,2,3
333,0,3,1,16.0,2,0,18.0,7,3
334,1,1,0,29.69911764705882,1,0,133.65,7,3
335,0,3,1,29.69911764705882,0,0,7.8958,7,3
336,0,1,1,29.0,1,0,66.6,2,3
337,1,1,0,41.0,0,0,134.5,4,0
338,1,3,1,45.0,0,0,8.05,7,3
339,0,1,1,45.0,0,0,35.5,8,3
340,1,2,1,2.0,1,1,26.0,5,3
341,1,1,0,24.0,3,2,263.0,2,3
342,0,2,1,28.0,0,0,13.0,7,3
343,0,2,1,25.0,0,0,13.0,7,3
344,0,2,1,36.0,0,0,13.0,7,3
345,1,2,0,24.0,0,0,13.0,5,3
346,1,2,0,40.0,0,0,13.0,7,3
347,1,3,0,29.69911764705882,1,0,16.1,7,3
348,1,3,1,3.0,1,1,15.9,7,3
349,0,3,1,42.0,0,0,8.6625,7,3
350,0,3,1,23.0,0,0,9.225,7,3
351,0,1,1,29.69911764705882,0,0,35.0,2,3
352,0,3,1,15.0,1,1,7.2292,7,0
353,0,3,1,25.0,1,0,17.8,7,3
354,0,3,1,29.69911764705882,0,0,7.225,7,0
355,0,3,1,28.0,0,0,9.5,7,3
356,1,1,0,22.0,0,1,55.0,4,3
357,0,2,0,38.0,0,0,13.0,7,3
358,1,3,0,29.69911764705882,0,0,7.8792,7,2
359,1,3,0,29.69911764705882,0,0,7.8792,7,2
360,0,3,1,40.0,1,4,27.9,7,3
361,0,2,1,29.0,1,0,27.7208,7,0
362,0,3,0,45.0,0,1,14.4542,7,0
363,0,3,1,35.0,0,0,7.05,7,3
364,0,3,1,29.69911764705882,1,0,15.5,7,2
365,0,3,1,30.0,0,0,7.25,7,3
366,1,1,0,60.0,1,0,75.25,3,0
367,1,3,0,29.69911764705882,0,0,7.2292,7,0
368,1,3,0,29.69911764705882,0,0,7.75,7,2
369,1,1,0,24.0,0,0,69.3,1,0
370,1,1,1,25.0,1,0,55.4417,4,0
371,0,3,1,18.0,1,0,6.4958,7,3
372,0,3,1,19.0,0,0,8.05,7,3
373,0,1,1,22.0,0,0,135.6333,7,0
374,0,3,0,3.0,3,1,21.075,7,3
375,1,1,0,29.69911764705882,1,0,82.1708,7,0
376,1,3,0,22.0,0,0,7.25,7,3
377,0,1,1,27.0,0,2,211.5,2,0
378,0,3,1,20.0,0,0,4.0125,7,0
379,0,3,1,19.0,0,0,7.775,7,3
380,1,1,0,42.0,0,0,227.525,7,0
381,1,3,0,1.0,0,2,15.7417,7,0
382,0,3,1,32.0,0,0,7.925,7,3
383,1,1,0,35.0,1,0,52.0,7,3
384,0,3,1,29.69911764705882,0,0,7.8958,7,3
385,0,2,1,18.0,0,0,73.5,7,3
386,0,3,1,1.0,5,2,46.9,7,3
387,1,2,0,36.0,0,0,13.0,7,3
388,0,3,1,29.69911764705882,0,0,7.7292,7,2
389,1,2,0,17.0,0,0,12.0,7,0
390,1,1,1,36.0,1,2,120.0,1,3
391,1,3,1,21.0,0,0,7.7958,7,3
392,0,3,1,28.0,2,0,7.925,7,3
393,1,1,0,23.0,1,0,113.275,3,0
394,1,3,0,24.0,0,2,16.7,6,3
395,0,3,1,22.0,0,0,7.7958,7,3
396,0,3,0,31.0,0,0,7.8542,7,3
397,0,2,1,46.0,0,0,26.0,7,3
398,0,2,1,23.0,0,0,10.5,7,3
399,1,2,0,28.0,0,0,12.65,7,3
400,1,3,1,39.0,0,0,7.925,7,3
401,0,3,1,26.0,0,0,8.05,7,3
402,0,3,0,21.0,1,0,9.825,7,3
403,0,3,1,28.0,1,0,15.85,7,3
404,0,3,0,20.0,0,0,8.6625,7,3
405,0,2,1,34.0,1,0,21.0,7,3
406,0,3,1,51.0,0,0,7.75,7,3
407,1,2,1,3.0,1,1,18.75,7,3
408,0,3,1,21.0,0,0,7.775,7,3
409,0,3,0,29.69911764705882,3,1,25.4667,7,3
410,0,3,1,29.69911764705882,0,0,7.8958,7,3
411,0,3,1,29.69911764705882,0,0,6.8583,7,2
412,1,1,0,33.0,1,0,90.0,2,2
413,0,2,1,29.69911764705882,0,0,0.0,7,3
414,1,3,1,44.0,0,0,7.925,7,3
415,0,3,0,29.69911764705882,0,0,8.05,7,3
416,1,2,0,34.0,1,1,32.5,7,3
417,1,2,0,18.0,0,2,13.0,7,3
418,0,2,1,30.0,0,0,13.0,7,3
419,0,3,0,10.0,0,2,24.15,7,3
420,0,3,1,29.69911764705882,0,0,7.8958,7,0
421,0,3,1,21.0,0,0,7.7333,7,2
422,0,3,1,29.0,0,0,7.875,7,3
423,0,3,0,28.0,1,1,14.4,7,3
424,0,3,1,18.0,1,1,20.2125,7,3
425,0,3,1,29.69911764705882,0,0,7.25,7,3
426,1,2,0,28.0,1,0,26.0,7,3
427,1,2,0,19.0,0,0,26.0,7,3
428,0,3,1,29.69911764705882,0,0,7.75,7,2
429,1,3,1,32.0,0,0,8.05,4,3
430,1,1,1,28.0,0,0,26.55,2,3
431,1,3,0,29.69911764705882,1,0,16.1,7,3
432,1,2,0,42.0,1,0,26.0,7,3
433,0,3,1,17.0,0,0,7.125,7,3
434,0,1,1,50.0,1,0,55.9,4,3
435,1,1,0,14.0,1,2,120.0,1,3
436,0,3,0,21.0,2,2,34.375,7,3
437,1,2,0,24.0,2,3,18.75,7,3
438,0,1,1,64.0,1,4,263.0,2,3
439,0,2,1,31.0,0,0,10.5,7,3
440,1,2,0,45.0,1,1,26.25,7,3
441,0,3,1,20.0,0,0,9.5,7,3
442,0,3,1,25.0,1,0,7.775,7,3
443,1,2,0,28.0,0,0,13.0,7,3
444,1,3,1,29.69911764705882,0,0,8.1125,7,3
445,1,1,1,4.0,0,2,81.8583,0,3
446,1,2,0,13.0,0,1,19.5,7,3
447,1,1,1,34.0,0,0,26.55,7,3
448,1,3,0,5.0,2,1,19.2583,7,0
449,1,1,1,52.0,0,0,30.5,2,3
450,0,2,1,36.0,1,2,27.75,7,3
451,0,3,1,29.69911764705882,1,0,19.9667,7,3
452,0,1,1,30.0,0,0,27.75,2,0
453,1,1,1,49.0,1,0,89.1042,2,0
454,0,3,1,29.69911764705882,0,0,8.05,7,3
455,1,3,1,29.0,0,0,7.8958,7,0
456,0,1,1,65.0,0,0,26.55,4,3
457,1,1,0,29.69911764705882,1,0,51.8625,3,3
458,1,2,0,50.0,0,0,10.5,7,3
459,0,3,1,29.69911764705882,0,0,7.75,7,2
460,1,1,1,48.0,0,0,26.55,4,3
461,0,3,1,34.0,0,0,8.05,7,3
462,0,1,1,47.0,0,0,38.5,4,3
463,0,2,1,48.0,0,0,13.0,7,3
464,0,3,1,29.69911764705882,0,0,8.05,7,3
465,0,3,1,38.0,0,0,7.05,7,3
466,0,2,1,29.69911764705882,0,0,0.0,7,3
467,0,1,1,56.0,0,0,26.55,7,3
468,0,3,1,29.69911764705882,0,0,7.725,7,2
469,1,3,0,0.75,2,1,19.2583,7,0
470,0,3,1,29.69911764705882,0,0,7.25,7,3
471,0,3,1,38.0,0,0,8.6625,7,3
472,1,2,0,33.0,1,2,27.75,7,3
473,1,2,0,23.0,0,0,13.7917,3,0
474,0,3,0,22.0,0,0,9.8375,7,3
475,0,1,1,29.69911764705882,0,0,52.0,0,3
476,0,2,1,34.0,1,0,21.0,7,3
477,0,3,1,29.0,1,0,7.0458,7,3
478,0,3,1,22.0,0,0,7.5208,7,3
479,1,3,0,2.0,0,1,12.2875,7,3
480,0,3,1,9.0,5,2,46.9,7,3
481,0,2,1,29.69911764705882,0,0,0.0,7,3
482,0,3,1,50.0,0,0,8.05,7,3
483,1,3,0,63.0,0,0,9.5875,7,3
484,1,1,1,25.0,1,0,91.0792,1,0
485,0,3,0,29.69911764705882,3,1,25.4667,7,3
486,1,1,0,35.0,1,0,90.0,2,3
487,0,1,1,58.0,0,0,29.7,1,0
488,0,3,1,30.0,0,0,8.05,7,3
489,1,3,1,9.0,1,1,15.9,7,3
490,0,3,1,29.69911764705882,1,0,19.9667,7,3
491,0,3,1,21.0,0,0,7.25,7,3
492,0,1,1,55.0,0,0,30.5,2,3
493,0,1,1,71.0,0,0,49.5042,7,0
494,0,3,1,21.0,0,0,8.05,7,3
495,0,3,1,29.69911764705882,0,0,14.4583,7,0
496,1,1,0,54.0,1,0,78.2667,3,0
497,0,3,1,29.69911764705882,0,0,15.1,7,3
498,0,1,0,25.0,1,2,151.55,2,3
499,0,3,1,24.0,0,0,7.7958,7,3
500,0,3,1,17.0,0,0,8.6625,7,3
501,0,3,0,21.0,0,0,7.75,7,2
502,0,3,0,29.69911764705882,0,0,7.6292,7,2
503,0,3,0,37.0,0,0,9.5875,7,3
504,1,1,0,16.0,0,0,86.5,1,3
505,0,1,1,18.0,1,0,108.9,2,0
506,1,2,0,33.0,0,2,26.0,7,3
507,1,1,1,29.69911764705882,0,0,26.55,7,3
508,0,3,1,28.0,0,0,22.525,7,3
509,1,3,1,26.0,0,0,56.4958,7,3
510,1,3,1,29.0,0,0,7.75,7,2
511,0,3,1,29.69911764705882,0,0,8.05,7,3
512,1,1,1,36.0,0,0,26.2875,4,3
513,1,1,0,54.0,1,0,59.4,7,0
514,0,3,1,24.0,0,0,7.4958,7,3
515,0,1,1,47.0,0,0,34.0208,3,3
516,1,2,0,34.0,0,0,10.5,5,3
517,0,3,1,29.69911764705882,0,0,24.15,7,2
518,1,2,0,36.0,1,0,26.0,7,3
519,0,3,1,32.0,0,0,7.8958,7,3
520,1,1,0,30.0,0,0,93.5,1,3
521,0,3,1,22.0,0,0,7.8958,7,3
522,0,3,1,29.69911764705882,0,0,7.225,7,0
523,1,1,0,44.0,0,1,57.9792,1,0
524,0,3,1,29.69911764705882,0,0,7.2292,7,0
525,0,3,1,40.5,0,0,7.75,7,2
526,1,2,0,50.0,0,0,10.5,7,3
527,0,1,1,29.69911764705882,0,0,221.7792,2,3
528,0,3,1,39.0,0,0,7.925,7,3
529,0,2,1,23.0,2,1,11.5,7,3
530,1,2,0,2.0,1,1,26.0,7,3
531,0,3,1,29.69911764705882,0,0,7.2292,7,0
532,0,3,1,17.0,1,1,7.2292,7,0
533,1,3,0,29.69911764705882,0,2,22.3583,7,0
534,0,3,0,30.0,0,0,8.6625,7,3
535,1,2,0,7.0,0,2,26.25,7,3
536,0,1,1,45.0,0,0,26.55,1,3
537,1,1,0,30.0,0,0,106.425,7,0
538,0,3,1,29.69911764705882,0,0,14.5,7,3
539,1,1,0,22.0,0,2,49.5,1,0
540,1,1,0,36.0,0,2,71.0,1,3
541,0,3,0,9.0,4,2,31.275,7,3
542,0,3,0,11.0,4,2,31.275,7,3
543,1,2,1,32.0,1,0,26.0,7,3
544,0,1,1,50.0,1,0,106.425,2,0
545,0,1,1,64.0,0,0,26.0,7,3
546,1,2,0,19.0,1,0,26.0,7,3
547,1,2,1,29.69911764705882,0,0,13.8625,7,0
548,0,3,1,33.0,1,1,20.525,7,3
549,1,2,1,8.0,1,1,36.75,7,3
550,1,1,1,17.0,0,2,110.8833,2,0
551,0,2,1,27.0,0,0,26.0,7,3
552,0,3,1,29.69911764705882,0,0,7.8292,7,2
553,1,3,1,22.0,0,0,7.225,7,0
554,1,3,0,22.0,0,0,7.775,7,3
555,0,1,1,62.0,0,0,26.55,7,3
556,1,1,0,48.0,1,0,39.6,0,0
557,0,1,1,29.69911764705882,0,0,227.525,7,0
558,1,1,0,39.0,1,1,79.65,4,3
559,1,3,0,36.0,1,0,17.4,7,3
560,0,3,1,29.69911764705882,0,0,7.75,7,2
561,0,3,1,40.0,0,0,7.8958,7,3
562,0,2,1,28.0,0,0,13.5,7,3
563,0,3,1,29.69911764705882,0,0,8.05,7,3
564,0,3,0,29.69911764705882,0,0,8.05,7,3
565,0,3,1,24.0,2,0,24.15,7,3
566,0,3,1,19.0,0,0,7.8958,7,3
567,0,3,0,29.0,0,4,21.075,7,3
568,0,3,1,29.69911764705882,0,0,7.2292,7,0
569,1,3,1,32.0,0,0,7.8542,7,3
570,1,2,1,62.0,0,0,10.5,7,3
571,1,1,0,53.0,2,0,51.4792,2,3
572,1,1,1,36.0,0,0,26.3875,4,3
573,1,3,0,29.69911764705882,0,0,7.75,7,2
574,0,3,1,16.0,0,0,8.05,7,3
575,0,3,1,19.0,0,0,14.5,7,3
576,1,2,0,34.0,0,0,13.0,7,3
577,1,1,0,39.0,1,0,55.9,4,3
578,0,3,0,29.69911764705882,1,0,14.4583,7,0
579,1,3,1,32.0,0,0,7.925,7,3
580,1,2,0,25.0,1,1,30.0,7,3
581,1,1,0,39.0,1,1,110.8833,2,0
582,0,2,1,54.0,0,0,26.0,7,3
583,0,1,1,36.0,0,0,40.125,0,0
584,0,3,1,29.69911764705882,0,0,8.7125,7,0
585,1,1,0,18.0,0,2,79.65,4,3
586,0,2,1,47.0,0,0,15.0,7,3
587,1,1,1,60.0,1,1,79.2,1,0
588,0,3,1,22.0,0,0,8.05,7,3
589,0,3,1,29.69911764705882,0,0,8.05,7,3
590,0,3,1,35.0,0,0,7.125,7,3
591,1,1,0,52.0,1,0,78.2667,3,0
592,0,3,1,47.0,0,0,7.25,7,3
593,0,3,0,29.69911764705882,0,2,7.75,7,2
594,0,2,1,37.0,1,0,26.0,7,3
595,0,3,1,36.0,1,1,24.15,7,3
596,1,2,0,29.69911764705882,0,0,33.0,7,3
597,0,3,1,49.0,0,0,0.0,7,3
598,0,3,1,29.69911764705882,0,0,7.225,7,0
599,1,1,1,49.0,1,0,56.9292,0,0
600,1,2,0,24.0,2,1,27.0,7,3
601,0,3,1,29.69911764705882,0,0,7.8958,7,3
602,0,1,1,29.69911764705882,0,0,42.4,7,3
603,0,3,1,44.0,0,0,8.05,7,3
604,1,1,1,35.0,0,0,26.55,7,0
605,0,3,1,36.0,1,0,15.55,7,3
606,0,3,1,30.0,0,0,7.8958,7,3
607,1,1,1,27.0,0,0,30.5,7,3
608,1,2,0,22.0,1,2,41.5792,7,0
609,1,1,0,40.0,0,0,153.4625,2,3
610,0,3,0,39.0,1,5,31.275,7,3
611,0,3,1,29.69911764705882,0,0,7.05,7,3
612,1,3,0,29.69911764705882,1,0,15.5,7,2
613,0,3,1,29.69911764705882,0,0,7.75,7,2
614,0,3,1,35.0,0,0,8.05,7,3
615,1,2,0,24.0,1,2,65.0,7,3
616,0,3,1,34.0,1,1,14.4,7,3
617,0,3,0,26.0,1,0,16.1,7,3
618,1,2,0,4.0,2,1,39.0,5,3
619,0,2,1,26.0,0,0,10.5,7,3
620,0,3,1,27.0,1,0,14.4542,7,0
621,1,1,1,42.0,1,0,52.5542,3,3
622,1,3,1,20.0,1,1,15.7417,7,0
623,0,3,1,21.0,0,0,7.8542,7,3
624,0,3,1,21.0,0,0,16.1,7,3
625,0,1,1,61.0,0,0,32.3208,3,3
626,0,2,1,57.0,0,0,12.35,7,2
627,1,1,0,21.0,0,0,77.9583,3,3
628,0,3,1,26.0,0,0,7.8958,7,3
629,0,3,1,29.69911764705882,0,0,7.7333,7,2
630,1,1,1,80.0,0,0,30.0,0,3
631,0,3,1,51.0,0,0,7.0542,7,3
632,1,1,1,32.0,0,0,30.5,1,0
633,0,1,1,29.69911764705882,0,0,0.0,7,3
634,0,3,0,9.0,3,2,27.9,7,3
635,1,2,0,28.0,0,0,13.0,7,3
636,0,3,1,32.0,0,0,7.925,7,3
637,0,2,1,31.0,1,1,26.25,7,3
638,0,3,0,41.0,0,5,39.6875,7,3
639,0,3,1,29.69911764705882,1,0,16.1,7,3
640,0,3,1,20.0,0,0,7.8542,7,3
641,1,1,0,24.0,0,0,69.3,1,0
642,0,3,0,2.0,3,2,27.9,7,3
643,1,3,1,29.69911764705882,0,0,56.4958,7,3
644,1,3,0,0.75,2,1,19.2583,7,0
645,1,1,1,48.0,1,0,76.7292,3,0
646,0,3,1,19.0,0,0,7.8958,7,3
647,1,1,1,56.0,0,0,35.5,0,0
648,0,3,1,29.69911764705882,0,0,7.55,7,3
649,1,3,0,23.0,0,0,7.55,7,3
650,0,3,1,29.69911764705882,0,0,7.8958,7,3
651,1,2,0,18.0,0,1,23.0,7,3
652,0,3,1,21.0,0,0,8.4333,7,3
653,1,3,0,29.69911764705882,0,0,7.8292,7,2
654,0,3,0,18.0,0,0,6.75,7,2
655,0,2,1,24.0,2,0,73.5,7,3
656,0,3,1,29.69911764705882,0,0,7.8958,7,3
657,0,3,0,32.0,1,1,15.5,7,2
658,0,2,1,23.0,0,0,13.0,7,3
659,0,1,1,58.0,0,2,113.275,3,0
660,1,1,1,50.0,2,0,133.65,7,3
661,0,3,1,40.0,0,0,7.225,7,0
662,0,1,1,47.0,0,0,25.5875,4,3
663,0,3,1,36.0,0,0,7.4958,7,3
664,1,3,1,20.0,1,0,7.925,7,3
665,0,2,1,32.0,2,0,73.5,7,3
666,0,2,1,25.0,0,0,13.0,7,3
667,0,3,1,29.69911764705882,0,0,7.775,7,3
668,0,3,1,43.0,0,0,8.05,7,3
669,1,1,0,29.69911764705882,1,0,52.0,2,3
670,1,2,0,40.0,1,1,39.0,7,3
671,0,1,1,31.0,1,0,52.0,1,3
672,0,2,1,70.0,0,0,10.5,7,3
673,1,2,1,31.0,0,0,13.0,7,3
674,0,2,1,29.69911764705882,0,0,0.0,7,3
675,0,3,1,18.0,0,0,7.775,7,3
676,0,3,1,24.5,0,0,8.05,7,3
677,1,3,0,18.0,0,0,9.8417,7,3
678,0,3,0,43.0,1,6,46.9,7,3
679,1,1,1,36.0,0,1,512.3292,1,0
680,0,3,0,29.69911764705882,0,0,8.1375,7,2
681,1,1,1,27.0,0,0,76.7292,3,0
682,0,3,1,20.0,0,0,9.225,7,3
683,0,3,1,14.0,5,2,46.9,7,3
684,0,2,1,60.0,1,1,39.0,7,3
685,0,2,1,25.0,1,2,41.5792,7,0
686,0,3,1,14.0,4,1,39.6875,7,3
687,0,3,1,19.0,0,0,10.1708,7,3
688,0,3,1,18.0,0,0,7.7958,7,3
689,1,1,0,15.0,0,1,211.3375,1,3
690,1,1,1,31.0,1,0,57.0,1,3
691,1,3,0,4.0,0,1,13.4167,7,0
692,1,3,1,29.69911764705882,0,0,56.4958,7,3
693,0,3,1,25.0,0,0,7.225,7,0
694,0,1,1,60.0,0,0,26.55,7,3
695,0,2,1,52.0,0,0,13.5,7,3
696,0,3,1,44.0,0,0,8.05,7,3
697,1,3,0,29.69911764705882,0,0,7.7333,7,2
698,0,1,1,49.0,1,1,110.8833,2,0
699,0,3,1,42.0,0,0,7.65,5,3
700,1,1,0,18.0,1,0,227.525,2,0
701,1,1,1,35.0,0,0,26.2875,4,3
702,0,3,0,18.0,0,1,14.4542,7,0
703,0,3,1,25.0,0,0,7.7417,7,2
704,0,3,1,26.0,1,0,7.8542,7,3
705,0,2,1,39.0,0,0,26.0,7,3
706,1,2,0,45.0,0,0,13.5,7,3
707,1,1,1,42.0,0,0,26.2875,4,3
708,1,1,0,22.0,0,0,151.55,7,3
709,1,3,1,29.69911764705882,1,1,15.2458,7,0
710,1,1,0,24.0,0,0,49.5042,2,0
711,0,1,1,29.69911764705882,0,0,26.55,2,3
712,1,1,1,48.0,1,0,52.0,2,3
713,0,3,1,29.0,0,0,9.4833,7,3
714,0,2,1,52.0,0,0,13.0,7,3
715,0,3,1,19.0,0,0,7.65,5,3
716,1,1,0,38.0,0,0,227.525,2,0
717,1,2,0,27.0,0,0,10.5,4,3
718,0,3,1,29.69911764705882,0,0,15.5,7,2
719,0,3,1,33.0,0,0,7.775,7,3
720,1,2,0,6.0,0,1,33.0,7,3
721,0,3,1,17.0,1,0,7.0542,7,3
722,0,2,1,34.0,0,0,13.0,7,3
723,0,2,1,50.0,0,0,13.0,7,3
724,1,1,1,27.0,1,0,53.1,4,3
725,0,3,1,20.0,0,0,8.6625,7,3
726,1,2,0,30.0,3,0,21.0,7,3
727,1,3,0,29.69911764705882,0,0,7.7375,7,2
728,0,2,1,25.0,1,0,26.0,7,3
729,0,3,0,25.0,1,0,7.925,7,3
730,1,1,0,29.0,0,0,211.3375,1,3
731,0,3,1,11.0,0,0,18.7875,7,0
732,0,2,1,29.69911764705882,0,0,0.0,7,3
733,0,2,1,23.0,0,0,13.0,7,3
734,0,2,1,23.0,0,0,13.0,7,3
735,0,3,1,28.5,0,0,16.1,7,3
736,0,3,0,48.0,1,3,34.375,7,3
737,1,1,1,35.0,0,0,512.3292,1,0
738,0,3,1,29.69911764705882,0,0,7.8958,7,3
739,0,3,1,29.69911764705882,0,0,7.8958,7,3
740,1,1,1,29.69911764705882,0,0,30.0,3,3
741,0,1,1,36.0,1,0,78.85,2,3
742,1,1,0,21.0,2,2,262.375,1,0
743,0,3,1,24.0,1,0,16.1,7,3
744,1,3,1,31.0,0,0,7.925,7,3
745,0,1,1,70.0,1,1,71.0,1,3
746,0,3,1,16.0,1,1,20.25,7,3
747,1,2,0,30.0,0,0,13.0,7,3
748,0,1,1,19.0,1,0,53.1,3,3
749,0,3,1,31.0,0,0,7.75,7,2
750,1,2,0,4.0,1,1,23.0,7,3
751,1,3,1,6.0,0,1,12.475,4,3
752,0,3,1,33.0,0,0,9.5,7,3
753,0,3,1,23.0,0,0,7.8958,7,3
754,1,2,0,48.0,1,2,65.0,7,3
755,1,2,1,0.67,1,1,14.5,7,3
756,0,3,1,28.0,0,0,7.7958,7,3
757,0,2,1,18.0,0,0,11.5,7,3
758,0,3,1,34.0,0,0,8.05,7,3
759,1,1,0,33.0,0,0,86.5,1,3
760,0,3,1,29.69911764705882,0,0,14.5,7,3
761,0,3,1,41.0,0,0,7.125,7,3
762,1,3,1,20.0,0,0,7.2292,7,0
763,1,1,0,36.0,1,2,120.0,1,3
764,0,3,1,16.0,0,0,7.775,7,3
765,1,1,0,51.0,1,0,77.9583,3,3
766,0,1,1,29.69911764705882,0,0,39.6,7,0
767,0,3,0,30.5,0,0,7.75,7,2
768,0,3,1,29.69911764705882,1,0,24.15,7,2
769,0,3,1,32.0,0,0,8.3625,7,3
770,0,3,1,24.0,0,0,9.5,7,3
771,0,3,1,48.0,0,0,7.8542,7,3
772,0,2,0,57.0,0,0,10.5,4,3
773,0,3,1,29.69911764705882,0,0,7.225,7,0
774,1,2,0,54.0,1,3,23.0,7,3
775,0,3,1,18.0,0,0,7.75,7,3
776,0,3,1,29.69911764705882,0,0,7.75,5,2
777,1,3,0,5.0,0,0,12.475,7,3
778,0,3,1,29.69911764705882,0,0,7.7375,7,2
779,1,1,0,43.0,0,1,211.3375,1,3
780,1,3,0,13.0,0,0,7.2292,7,0
781,1,1,0,17.0,1,0,57.0,1,3
782,0,1,1,29.0,0,0,30.0,3,3
783,0,3,1,29.69911764705882,1,2,23.45,7,3
784,0,3,1,25.0,0,0,7.05,7,3
785,0,3,1,25.0,0,0,7.25,7,3
786,1,3,0,18.0,0,0,7.4958,7,3
787,0,3,1,8.0,4,1,29.125,7,2
788,1,3,1,1.0,1,2,20.575,7,3
789,0,1,1,46.0,0,0,79.2,1,0
790,0,3,1,29.69911764705882,0,0,7.75,7,2
791,0,2,1,16.0,0,0,26.0,7,3
792,0,3,0,29.69911764705882,8,2,69.55,7,3
793,0,1,1,29.69911764705882,0,0,30.6958,7,0
794,0,3,1,25.0,0,0,7.8958,7,3
795,0,2,1,39.0,0,0,13.0,7,3
796,1,1,0,49.0,0,0,25.9292,3,3
797,1,3,0,31.0,0,0,8.6833,7,3
798,0,3,1,30.0,0,0,7.2292,7,0
799,0,3,0,30.0,1,1,24.15,7,3
800,0,2,1,34.0,0,0,13.0,7,3
801,1,2,0,31.0,1,1,26.25,7,3
802,1,1,1,11.0,1,2,120.0,1,3
803,1,3,1,0.42,0,1,8.5167,7,0
804,1,3,1,27.0,0,0,6.975,7,3
805,0,3,1,31.0,0,0,7.775,7,3
806,0,1,1,39.0,0,0,0.0,0,3
807,0,3,0,18.0,0,0,7.775,7,3
808,0,2,1,39.0,0,0,13.0,7,3
809,1,1,0,33.0,1,0,53.1,4,3
810,0,3,1,26.0,0,0,7.8875,7,3
811,0,3,1,39.0,0,0,24.15,7,3
812,0,2,1,35.0,0,0,10.5,7,3
813,0,3,0,6.0,4,2,31.275,7,3
814,0,3,1,30.5,0,0,8.05,7,3
815,0,1,1,29.69911764705882,0,0,0.0,1,3
816,0,3,0,23.0,0,0,7.925,7,3
817,0,2,1,31.0,1,1,37.0042,7,0
818,0,3,1,43.0,0,0,6.45,7,3
819,0,3,1,10.0,3,2,27.9,7,3
820,1,1,0,52.0,1,1,93.5,1,3
821,1,3,1,27.0,0,0,8.6625,7,3
822,0,1,1,38.0,0,0,0.0,7,3
823,1,3,0,27.0,0,1,12.475,4,3
824,0,3,1,2.0,4,1,39.6875,7,3
825,0,3,1,29.69911764705882,0,0,6.95,7,2
826,0,3,1,29.69911764705882,0,0,56.4958,7,3
827,1,2,1,1.0,0,2,37.0042,7,0
828,1,3,1,29.69911764705882,0,0,7.75,7,2
829,1,1,0,62.0,0,0,80.0,1,1
830,1,3,0,15.0,1,0,14.4542,7,0
831,1,2,1,0.83,1,1,18.75,7,3
832,0,3,1,29.69911764705882,0,0,7.2292,7,0
833,0,3,1,23.0,0,0,7.8542,7,3
834,0,3,1,18.0,0,0,8.3,7,3
835,1,1,0,39.0,1,1,83.1583,4,0
836,0,3,1,21.0,0,0,8.6625,7,3
837,0,3,1,29.69911764705882,0,0,8.05,7,3
838,1,3,1,32.0,0,0,56.4958,7,3
839,1,1,1,29.69911764705882,0,0,29.7,2,0
840,0,3,1,20.0,0,0,7.925,7,3
841,0,2,1,16.0,0,0,10.5,7,3
842,1,1,0,30.0,0,0,31.0,7,0
843,0,3,1,34.5,0,0,6.4375,7,0
844,0,3,1,17.0,0,0,8.6625,7,3
845,0,3,1,42.0,0,0,7.55,7,3
846,0,3,1,29.69911764705882,8,2,69.55,7,3
847,0,3,1,35.0,0,0,7.8958,7,0
848,0,2,1,28.0,0,1,33.0,7,3
849,1,1,0,29.69911764705882,1,0,89.1042,2,0
850,0,3,1,4.0,4,2,31.275,7,3
851,0,3,1,74.0,0,0,7.775,7,3
852,0,3,0,9.0,1,1,15.2458,7,0
853,1,1,0,16.0,0,1,39.4,3,3
854,0,2,0,44.0,1,0,26.0,7,3
855,1,3,0,18.0,0,1,9.35,7,3
856,1,1,0,45.0,1,1,164.8667,7,3
857,1,1,1,51.0,0,0,26.55,4,3
858,1,3,0,24.0,0,3,19.2583,7,0
859,0,3,1,29.69911764705882,0,0,7.2292,7,0
860,0,3,1,41.0,2,0,14.1083,7,3
861,0,2,1,21.0,1,0,11.5,7,3
862,1,1,0,48.0,0,0,25.9292,3,3
863,0,3,0,29.69911764705882,8,2,69.55,7,3
864,0,2,1,24.0,0,0,13.0,7,3
865,1,2,0,42.0,0,0,13.0,7,3
866,1,2,0,27.0,1,0,13.8583,7,0
867,0,1,1,31.0,0,0,50.4958,0,3
868,0,3,1,29.69911764705882,0,0,9.5,7,3
869,1,3,1,4.0,1,1,11.1333,7,3
870,0,3,1,26.0,0,0,7.8958,7,3
871,1,1,0,47.0,1,1,52.5542,3,3
872,0,1,1,33.0,0,0,5.0,1,3
873,0,3,1,47.0,0,0,9.0,7,3
874,1,2,0,28.0,1,0,24.0,7,0
875,1,3,0,15.0,0,0,7.225,7,0
876,0,3,1,20.0,0,0,9.8458,7,3
877,0,3,1,19.0,0,0,7.8958,7,3
878,0,3,1,29.69911764705882,0,0,7.8958,7,3
879,1,1,0,56.0,0,1,83.1583,2,0
880,1,2,0,25.0,0,1,26.0,7,3
881,0,3,1,33.0,0,0,7.8958,7,3
882,0,3,0,22.0,0,0,10.5167,7,3
883,0,2,1,28.0,0,0,10.5,7,3
884,0,3,1,25.0,0,0,7.05,7,3
885,0,3,0,39.0,0,5,29.125,7,2
886,0,2,1,27.0,0,0,13.0,7,3
887,1,1,0,19.0,0,0,30.0,1,3
888,0,3,0,29.69911764705882,1,2,23.45,7,3
889,1,1,1,26.0,0,0,30.0,2,0
890,0,3,1,32.0,0,0,7.75,7,2
